meal_id,category,calories_kcal,protein_g,carb_g,fat_g,goal_suitability,diet_type,prep_time,price_range,meal_time_breakfast,meal_time_lunch,meal_time_dinner,meal_time_snack,region_General,region_Hausa/North,region_South-South,region_Southeast/Igbo,region_Yoruba/Southwest,taste_profile_bitter-savory,taste_profile_mild,taste_profile_mild-savory,taste_profile_mild-sweet,taste_profile_savory,taste_profile_savory-mild,taste_profile_savory-smoky,taste_profile_savory-sour,taste_profile_savory-spicy,taste_profile_savory-sweet,taste_profile_smoky-spicy,taste_profile_sour-savory,taste_profile_sour-sweet,taste_profile_spicy,taste_profile_spicy-savory,taste_profile_spicy-smoky,taste_profile_spicy-sweet,taste_profile_sweet,taste_profile_sweet-savory,taste_profile_sweet-sour,taste_profile_sweet-spicy,macro_ratio_protein,macro_ratio_carb,macro_ratio_fat,calorie_density,protein_per_100kcal
0,2,0.349398,0.52381,0.438596,0.25,1,2,1,0,1,1,1,0,0,0,0,0,1,0,0,0,0,1,0,0,0,0,0,0,0,0,0,0,0,0,0,0,0,0,0.410367,0.525227,0.336848,1,0.436217
1,2,0.421687,0.619048,0.473684,0.35,2,3,1,0,0,1,1,0,0,0,0,0,1,0,0,0,0,1,0,0,0,0,0,0,0,0,0,0,0,0,0,0,0,0,0.412347,0.478377,0.400838,1,0.443548
2,2,0.771084,0.809524,0.526316,0.875,2,4,1,0,0,1,1,0,0,0,0,0,1,0,0,0,0,1,0,0,0,0,0,0,0,0,0,0,0,0,0,0,0,0,0.350252,0.335667,0.650874,2,0.346041
3,2,0.481928,0.595238,0.491228,0.4,1,2,1,0,0,1,1,0,0,0,0,0,1,0,0,0,0,1,0,0,0,0,0,0,0,0,0,0,0,0,0,0,0,0,0.37815,0.472199,0.436949,1,0.381965
4,2,0.566265,0.666667,0.508772,0.5,1,2,1,0,0,1,1,0,0,0,0,0,1,0,0,0,0,1,0,0,0,0,0,0,0,0,0,0,0,0,0,0,0,0,0.37887,0.434823,0.488661,1,0.373167
5,2,0.445783,0.571429,0.508772,0.325,1,2,1,0,0,1,1,0,0,0,0,0,1,0,0,0,0,1,0,0,0,0,0,0,0,0,0,0,0,0,0,0,0,0,0.381389,0.515857,0.373104,1,0.390762
6,2,0.722892,0.714286,0.526316,0.8,2,4,1,0,0,1,1,0,0,0,0,0,1,0,0,0,0,1,0,0,0,0,0,0,0,0,0,0,0,0,0,0,0,0,0.329194,0.359555,0.634118,2,0.323314
7,2,0.518072,0.619048,0.491228,0.45,1,2,1,0,0,1,1,0,0,0,0,0,1,1,0,0,0,0,0,0,0,0,0,0,0,0,0,0,0,0,0,0,0,0,0.37581,0.450062,0.469883,1,0.3739
8,2,0.409639,0.666667,0.438596,0.35,2,3,1,1,0,1,1,0,0,0,0,0,1,0,0,0,0,1,0,0,0,0,0,0,0,0,0,0,0,0,0,0,0,0,0.451944,0.450577,0.40806,1,0.489003
9,2,0.385542,0.619048,0.438596,0.3,2,3,1,1,0,1,1,0,0,0,0,0,1,0,0,0,0,1,0,0,0,0,0,0,0,0,0,0,0,0,0,0,0,0,0.445644,0.480231,0.371371,1,0.47654
10,2,0.53012,0.714286,0.491228,0.45,2,3,1,1,0,1,1,0,0,0,0,0,1,0,0,0,0,1,0,0,0,0,0,0,0,0,0,0,0,0,0,0,0,0,0.420266,0.435132,0.455294,1,0.423021
11,2,0.626506,0.714286,0.508772,0.6,2,3,1,1,0,1,1,0,0,0,0,0,1,0,0,0,0,1,0,0,0,0,0,0,0,0,0,0,0,0,0,0,0,0,0.37491,0.399403,0.541673,1,0.366569
12,2,0.493976,0.571429,0.491228,0.4,1,2,1,0,0,1,1,0,0,0,0,0,1,0,0,0,0,1,0,0,0,0,0,0,0,0,0,0,0,0,0,0,0,0,0.366091,0.476421,0.440705,1,0.359238
13,2,0.843373,0.833333,0.578947,0.9,2,4,0,0,0,1,1,0,1,0,0,0,0,0,0,0,0,1,0,0,0,0,0,0,0,0,0,0,0,0,0,0,0,0,0.342333,0.350906,0.635852,2,0.329179
14,2,0.53012,0.571429,0.54386,0.4,1,2,0,0,0,1,1,0,1,0,0,0,0,0,0,0,0,1,0,0,0,0,0,0,0,0,0,0,0,0,0,0,0,0,0.348272,0.50175,0.419327,1,0.33871
15,2,0.60241,0.619048,0.561404,0.5,1,2,0,0,0,1,1,0,0,0,0,0,1,0,0,0,0,1,0,0,0,0,0,0,0,0,0,0,0,0,0,0,0,0,0.341613,0.466433,0.474505,1,0.328446
16,2,0.674699,0.761905,0.552632,0.65,2,3,1,1,0,1,1,0,0,0,1,0,0,0,0,0,0,1,0,0,0,0,0,0,0,0,0,0,0,0,0,0,0,0,0.37041,0.400741,0.543406,2,0.366569
17,2,0.590361,0.642857,0.54386,0.5,1,2,1,0,0,1,1,0,0,0,0,1,0,0,0,0,0,1,0,0,0,0,0,0,0,0,0,0,0,0,0,0,0,0,0.357271,0.454901,0.477972,1,0.347507
18,2,0.554217,0.595238,0.54386,0.45,1,2,1,0,0,1,1,0,1,0,0,0,0,1,0,0,0,0,0,0,0,0,0,0,0,0,0,0,0,0,0,0,0,0,0.347552,0.479201,0.451683,1,0.339443
19,2,0.759036,0.714286,0.578947,0.8,2,4,1,0,0,1,1,0,1,0,0,0,0,0,0,0,0,1,0,0,0,0,0,0,0,0,0,0,0,0,0,0,0,0,0.317675,0.382208,0.611729,2,0.310117
20,2,0.650602,0.714286,0.54386,0.6,2,3,1,1,0,1,1,0,0,0,1,0,0,0,0,0,0,1,0,0,0,0,0,0,0,0,0,0,0,0,0,0,0,0,0.364831,0.415568,0.527084,2,0.354839
21,2,0.385542,0.52381,0.491228,0.25,1,2,0,0,0,1,1,0,0,0,0,0,1,0,0,0,0,1,0,0,0,0,0,0,0,0,0,0,0,0,0,0,0,0,0.386249,0.553027,0.317059,1,0.403226
22,2,0.578313,0.619048,0.54386,0.5,1,2,0,0,0,1,1,0,1,0,0,0,0,0,0,0,0,1,0,0,0,0,0,0,0,0,0,0,0,0,0,0,0,0,0.346652,0.458505,0.481439,1,0.340176
23,2,0.891566,0.952381,0.578947,0.9,2,3,0,1,0,1,1,0,1,0,0,0,0,0,0,0,0,1,0,0,0,0,0,0,0,0,0,0,0,0,0,0,0,0,0.38085,0.340815,0.619096,2,0.357771
24,2,0.542169,0.571429,0.54386,0.45,1,2,1,0,0,1,1,0,0,0,0,1,0,1,0,0,0,0,0,0,0,0,0,0,0,0,0,0,0,0,0,0,0,0,0.336213,0.483217,0.455294,1,0.332111
25,2,0.951807,0.857143,0.666667,0.95,2,4,2,1,0,1,1,0,1,0,0,0,0,0,0,0,0,1,0,0,0,0,0,0,0,0,0,0,0,0,0,0,0,0,0.324874,0.372941,0.619096,2,0.303519
26,2,0.746988,0.666667,0.640351,0.6,2,4,2,1,0,1,1,0,0,0,0,0,1,0,0,0,0,1,0,0,0,0,0,0,0,0,0,0,0,0,0,0,0,0,0.320914,0.462212,0.49675,2,0.293255
27,2,0.698795,0.619048,0.631579,0.5,1,4,2,1,0,1,1,0,1,0,0,0,0,0,0,0,0,1,0,0,0,0,0,0,0,0,0,0,0,0,0,0,0,0,0.322714,0.495778,0.448216,2,0.288856
28,2,0.771084,0.714286,0.631579,0.65,2,4,2,1,0,1,1,0,0,0,0,1,0,0,0,0,0,1,0,0,0,0,0,0,0,0,0,0,0,0,0,0,0,0,0.332253,0.43925,0.520006,2,0.305718
29,2,0.891566,0.761905,0.649123,0.9,2,4,2,1,0,1,1,0,1,0,0,0,0,0,0,0,0,1,0,0,0,0,0,0,0,0,0,0,0,0,0,0,0,0,0.304716,0.38437,0.619096,2,0.285924
30,2,0.819277,0.809524,0.631579,0.75,2,3,2,1,0,1,1,0,0,0,1,0,0,0,0,0,0,1,0,0,0,0,0,0,0,0,0,0,0,0,0,0,0,0,0.348632,0.404551,0.55554,2,0.327713
31,2,0.73494,0.666667,0.631579,0.6,1,4,2,1,0,1,1,0,1,0,0,0,0,1,0,0,0,0,0,0,0,0,0,0,0,0,0,0,0,0,0,0,0,0,0.323074,0.458814,0.500072,2,0.297654
32,2,0.722892,0.666667,0.649123,0.55,2,4,2,1,0,1,1,0,1,0,0,0,0,0,0,0,0,1,0,0,0,0,0,0,0,0,0,0,0,0,0,0,0,0,0.328294,0.480128,0.465839,2,0.302053
33,2,0.843373,0.857143,0.649123,0.8,2,3,2,1,0,1,1,0,0,0,1,0,0,0,0,0,0,1,0,0,0,0,0,0,0,0,0,0,0,0,0,0,0,0,0.352232,0.395593,0.565217,2,0.33871
34,2,0.722892,0.666667,0.649123,0.55,2,4,2,1,0,1,1,0,0,0,0,0,1,0,0,0,0,1,0,0,0,0,0,0,0,0,0,0,0,0,0,0,0,0,0.328294,0.480128,0.465839,2,0.302053
35,2,0.783133,0.809524,0.596491,0.9,2,4,2,0,0,1,1,0,0,0,0,1,0,0,0,0,0,1,0,0,0,0,0,0,0,0,0,0,0,0,0,0,0,0,0.330814,0.359967,0.632385,2,0.341642
36,2,0.578313,0.619048,0.561404,0.5,1,2,2,0,0,1,1,0,0,0,0,1,0,0,0,0,0,1,0,0,0,0,0,0,0,0,0,0,0,0,0,0,0,0,0.341613,0.466433,0.474505,1,0.340176
37,2,0.650602,0.714286,0.561404,0.65,2,3,2,1,0,1,1,0,0,0,1,0,0,0,0,0,0,1,0,0,0,0,0,0,0,0,0,0,0,0,0,0,0,0,0.349532,0.410214,0.546873,2,0.354839
38,2,0.506024,0.571429,0.561404,0.45,1,2,2,0,0,1,1,0,0,0,0,1,0,1,0,0,0,0,0,0,0,0,0,0,0,0,0,0,0,0,0,0,0,0,0.330994,0.491042,0.448216,1,0.351906
39,2,0.722892,0.714286,0.578947,0.8,2,4,2,0,0,1,1,0,0,0,0,1,0,0,0,0,0,1,0,0,0,0,0,0,0,0,0,0,0,0,0,0,0,0,0.317675,0.382208,0.611729,2,0.323314
40,2,0.481928,0.571429,0.561404,0.4,1,2,2,0,0,1,1,0,0,0,0,1,0,0,0,0,0,1,0,0,0,0,0,0,0,0,0,0,0,0,0,0,0,0,0.342873,0.509679,0.412682,1,0.366569
41,2,0.614458,0.714286,0.561404,0.6,2,3,2,1,0,1,1,0,0,0,1,0,0,0,0,0,0,1,0,0,0,0,0,0,0,0,0,0,0,0,0,0,0,0,0.359971,0.423394,0.520006,1,0.372434
42,2,0.53012,0.619048,0.561404,0.5,1,2,2,0,0,1,1,0,0,0,0,1,0,1,0,0,0,0,0,0,0,0,0,0,0,0,0,0,0,0,0,0,0,0,0.341613,0.466433,0.474505,1,0.366569
43,2,0.795181,0.809524,0.596491,0.9,2,4,2,0,0,1,1,0,0,0,0,1,0,0,0,0,0,1,0,0,0,0,0,0,0,0,0,0,0,0,0,0,0,0,0.330814,0.359967,0.632385,2,0.33651
44,2,0.578313,0.619048,0.561404,0.5,1,2,2,0,0,1,1,0,0,0,0,1,0,0,0,0,0,1,0,0,0,0,0,0,0,0,0,0,0,0,0,0,0,0,0.341613,0.466433,0.474505,1,0.340176
45,2,0.819277,0.809524,0.614035,0.9,2,4,0,0,0,1,1,0,1,0,0,0,0,0,0,0,0,1,0,0,0,0,0,0,0,0,0,0,0,0,0,0,0,0,0.327214,0.366763,0.62574,2,0.327713
46,2,0.518072,0.571429,0.578947,0.4,1,2,0,0,0,1,1,0,1,0,0,0,0,0,0,0,0,1,0,0,0,0,0,0,0,0,0,0,0,0,0,0,0,0,0.337473,0.517298,0.406182,1,0.345308
47,2,0.578313,0.619048,0.578947,0.5,1,2,0,0,0,1,1,0,1,0,0,0,0,0,0,0,0,1,0,0,0,0,0,0,0,0,0,0,0,0,0,0,0,0,0.336753,0.474053,0.467572,1,0.340176
48,2,0.60241,0.666667,0.578947,0.55,1,2,0,0,0,1,1,0,1,0,0,0,0,0,0,0,0,1,0,0,0,0,0,0,0,0,0,0,0,0,0,0,0,0,0.346292,0.451606,0.491405,1,0.354106
49,2,0.73494,0.714286,0.596491,0.75,2,4,0,0,0,1,1,0,1,0,0,0,0,0,0,0,0,1,0,0,0,0,0,0,0,0,0,0,0,0,0,0,0,0,0.322354,0.400638,0.582118,2,0.318915
50,2,0.554217,0.619048,0.578947,0.5,1,2,0,0,0,1,1,0,0,0,0,1,0,0,0,0,0,1,0,0,0,0,0,0,0,0,0,0,0,0,0,0,0,0,0.336753,0.474053,0.467572,1,0.352639
51,2,0.638554,0.714286,0.578947,0.65,2,3,0,1,0,1,1,0,0,0,1,0,0,0,0,0,0,1,0,0,0,0,0,0,0,0,0,0,0,0,0,0,0,0,0.345032,0.417731,0.539939,2,0.360704
52,2,0.53012,0.571429,0.578947,0.45,1,2,0,0,0,1,1,0,1,0,0,0,0,1,0,0,0,0,0,0,0,0,0,0,0,0,0,0,0,0,0,0,0,0,0.325954,0.498764,0.441572,1,0.33871
53,2,0.650602,0.714286,0.578947,0.6,2,3,0,1,0,1,1,0,0,0,1,0,0,0,0,0,0,1,0,0,0,0,0,0,0,0,0,0,0,0,0,0,0,0,0.355292,0.431013,0.513217,2,0.354839
54,2,0.891566,1.0,0.614035,0.9,2,3,0,1,0,1,1,0,1,0,0,0,0,0,0,0,0,1,0,0,0,0,0,0,0,0,0,0,0,0,0,0,0,0,0.387689,0.350494,0.600029,2,0.375367
55,2,0.493976,0.571429,0.561404,0.35,1,2,1,0,0,1,1,0,0,1,0,0,0,0,0,0,0,1,0,0,0,0,0,0,0,0,0,0,0,0,0,0,0,0,0.355472,0.529654,0.374549,1,0.359238
56,2,0.578313,0.619048,0.578947,0.5,1,2,1,0,0,1,1,0,0,1,0,0,0,0,0,0,0,1,0,0,0,0,0,0,0,0,0,0,0,0,0,0,0,0,0.336753,0.474053,0.467572,1,0.340176
57,2,0.518072,0.571429,0.578947,0.4,1,2,1,0,0,1,1,0,0,1,0,0,0,0,0,0,0,1,0,0,0,0,0,0,0,0,0,0,0,0,0,0,0,0,0.337473,0.517298,0.406182,1,0.345308
58,2,0.493976,0.52381,0.561404,0.4,1,2,1,0,0,1,1,0,0,1,0,0,0,0,0,0,0,1,0,0,0,0,0,0,0,0,0,0,0,0,0,0,0,0,0.319294,0.518431,0.419327,1,0.329179
59,2,0.807229,0.761905,0.684211,0.85,2,4,1,0,0,1,1,0,0,1,0,0,0,0,0,0,0,1,0,0,0,0,0,0,0,0,0,0,0,0,0,0,0,0,0.305616,0.407331,0.586162,2,0.31305
60,2,0.457831,0.47619,0.578947,0.3,1,2,1,0,0,1,1,0,0,1,0,0,0,0,0,0,0,1,0,0,0,0,0,0,0,0,0,0,0,0,0,0,0,0,0.312995,0.57918,0.339159,1,0.318915
61,2,0.53012,0.52381,0.596491,0.4,1,2,1,0,0,1,1,0,0,1,0,0,0,0,0,0,0,1,0,0,0,0,0,0,0,0,0,0,0,0,0,0,0,0,0.309395,0.533464,0.406182,1,0.310117
62,2,0.53012,0.666667,0.508772,0.45,0,2,1,0,0,1,1,0,1,0,0,0,0,0,0,0,0,1,0,0,0,0,0,0,0,0,0,0,0,0,0,0,0,0,0.392189,0.451091,0.455294,1,0.394428
63,2,0.722892,0.809524,0.54386,0.75,2,3,1,0,0,1,1,0,1,0,0,0,0,0,0,0,0,1,0,0,0,0,0,0,0,0,0,0,0,0,0,0,0,0,0.36969,0.368513,0.589195,2,0.366569
64,2,0.46988,0.571429,0.508772,0.4,0,2,1,0,0,1,1,0,1,0,0,0,0,0,0,0,0,1,0,0,0,0,0,0,0,0,0,0,0,0,0,0,0,0,0.359971,0.485173,0.433338,1,0.374633
65,2,0.493976,0.619048,0.508772,0.45,0,2,1,0,0,1,1,0,1,0,0,0,0,0,0,0,0,1,0,0,0,0,0,0,0,0,0,0,0,0,0,0,0,0,0.36987,0.458711,0.462516,1,0.389296
66,2,0.518072,0.619048,0.526316,0.45,0,2,1,0,0,1,1,0,0,0,0,1,0,0,0,0,0,1,0,0,0,0,0,0,0,0,0,0,0,0,0,0,0,0,0.364111,0.467154,0.455294,1,0.3739
67,2,0.445783,0.214286,0.666667,0.3,1,4,1,1,1,1,1,0,1,0,0,0,0,0,0,0,0,0,0,0,0,1,0,0,0,0,0,0,0,0,0,0,0,0,0.142009,0.674835,0.342048,1,0.146628
68,2,0.650602,0.761905,0.666667,0.5,2,3,1,1,1,1,1,0,1,0,0,0,0,0,0,0,0,0,0,0,0,1,0,0,0,0,0,0,0,0,0,0,0,0,0.37167,0.488468,0.419327,2,0.378299
69,2,0.60241,0.666667,0.666667,0.4,2,3,1,1,0,1,1,0,1,0,0,0,0,0,0,0,0,0,0,0,0,1,0,0,0,0,0,0,0,0,0,0,0,0,0.354932,0.535935,0.366171,1,0.354106
70,2,0.698795,0.809524,0.666667,0.55,2,3,1,1,0,1,1,0,1,0,0,0,0,0,0,0,0,0,0,0,0,1,0,0,0,0,0,0,0,0,0,0,0,0,0.37887,0.467669,0.442727,2,0.377566
71,2,0.650602,0.666667,0.77193,0.45,1,3,1,1,0,1,1,0,1,0,0,0,0,0,0,0,0,1,0,0,0,0,0,0,0,0,0,0,0,0,0,0,0,0,0.318035,0.554984,0.36906,2,0.331378
72,2,0.578313,0.285714,0.736842,0.45,1,2,1,1,0,1,1,0,1,0,0,0,0,0,0,0,0,1,0,0,0,0,0,0,0,0,0,0,0,0,0,0,0,0,0.155868,0.609658,0.42236,1,0.156891
73,2,0.746988,0.904762,0.666667,0.65,2,3,2,2,0,1,1,0,1,0,0,0,0,0,0,0,0,0,0,1,0,0,0,0,0,0,0,0,0,0,0,0,0,0,0.392009,0.430601,0.484183,2,0.398094
74,2,0.686747,0.809524,0.614035,0.6,2,3,1,1,0,1,1,0,1,0,0,0,0,0,0,0,0,1,0,0,0,0,0,0,0,0,0,0,0,0,0,0,0,0,0.382469,0.43369,0.487505,2,0.383431
75,2,0.722892,0.904762,0.614035,0.6,2,3,1,2,0,1,1,0,1,0,0,0,0,0,0,0,0,1,0,0,0,0,0,0,0,0,0,0,0,0,0,0,0,0,0.417027,0.422364,0.475661,2,0.409824
76,2,0.710843,0.952381,0.614035,0.55,2,3,1,2,0,1,1,0,1,0,0,0,0,0,0,0,0,1,0,0,0,0,0,0,0,0,0,0,0,0,0,0,0,0,0.445824,0.429366,0.442727,2,0.437683
77,2,0.746988,0.380952,0.947368,0.55,1,4,1,1,0,1,1,0,1,0,0,0,0,0,0,0,0,0,0,0,0,0,0,0,0,0,0,0,0,0,0,1,0,0,0.164147,0.615733,0.407482,2,0.167889
78,2,0.481928,0.333333,0.631579,0.4,0,1,1,0,0,1,1,0,1,0,0,0,0,0,0,0,0,1,0,0,0,0,0,0,0,0,0,0,0,0,0,0,0,0,0.203204,0.584843,0.419327,1,0.214076
79,2,0.578313,0.571429,0.684211,0.4,1,2,1,0,1,1,1,0,1,0,0,0,0,0,0,0,0,1,0,0,0,0,0,0,0,0,0,0,0,0,0,0,0,0,0.308495,0.55869,0.371371,1,0.314516
80,2,0.891566,0.761905,0.754386,0.85,2,4,1,1,0,1,1,0,1,0,0,0,0,0,0,0,0,1,0,0,0,0,0,0,0,0,0,0,0,0,0,0,0,0,0.293017,0.431425,0.562328,2,0.285924
81,2,0.650602,0.619048,0.701754,0.5,1,2,1,0,0,1,1,0,1,0,0,0,0,0,0,0,0,1,0,0,0,0,0,0,0,0,0,0,0,0,0,0,0,0,0.305796,0.522138,0.424816,2,0.307185
82,2,0.722892,0.666667,0.701754,0.6,1,2,1,1,0,1,1,0,0,0,0,1,0,0,0,0,0,1,0,0,0,0,0,0,0,0,0,0,0,0,0,0,0,0,0.307235,0.485173,0.475661,2,0.302053
83,2,0.626506,0.571429,0.719298,0.45,1,2,1,0,0,1,1,0,1,0,0,0,0,0,0,0,0,1,0,0,0,0,0,0,0,0,0,0,0,0,0,0,0,0,0.290857,0.552821,0.393904,1,0.293255
84,2,0.614458,0.619048,0.701754,0.4,1,2,1,1,0,1,1,0,1,0,0,0,0,0,0,0,0,0,1,0,0,0,0,0,0,0,0,0,0,0,0,0,0,0,0.325054,0.556631,0.361115,1,0.323314
85,2,0.542169,0.619048,0.666667,0.3,0,3,1,1,0,1,1,0,1,0,0,0,0,0,0,0,0,0,0,0,0,0,0,0,0,0,1,0,0,0,0,0,0,0,0.357271,0.583402,0.297703,1,0.359971
86,2,0.481928,0.47619,0.719298,0.25,0,1,1,0,1,1,1,0,1,0,0,0,0,0,0,0,0,1,0,0,0,0,0,0,0,0,0,0,0,0,0,0,0,0,0.284557,0.654036,0.25697,1,0.305718
87,2,0.650602,0.428571,0.964912,0.3,1,1,1,0,0,1,1,0,1,0,0,0,0,0,0,0,0,0,0,0,0,0,0,0,0,0,0,0,0,0,0,1,0,0,0.206263,0.704901,0.248447,2,0.21261
88,2,0.60241,0.619048,0.736842,0.35,1,3,1,0,1,1,1,0,1,0,0,0,0,0,0,0,0,1,0,0,0,0,0,0,0,0,0,0,0,0,0,0,0,0,0.326134,0.587418,0.317059,1,0.328446
89,2,0.53012,0.52381,0.736842,0.3,1,3,1,0,1,1,1,0,1,0,0,0,0,0,0,0,0,1,0,0,0,0,0,0,0,0,0,0,0,0,0,0,0,0,0.293377,0.626236,0.288892,1,0.310117
90,2,0.722892,0.619048,0.719298,0.65,1,5,1,1,0,1,1,0,0,0,1,0,0,0,0,0,1,0,0,0,0,0,0,0,0,0,0,0,0,0,0,0,0,0,0.277718,0.483629,0.501517,2,0.280059
91,2,0.771084,0.714286,0.701754,0.7,1,5,2,1,0,1,1,0,0,0,0,0,1,0,0,0,0,0,0,0,0,0,0,0,0,0,1,0,0,0,0,0,0,0,0.308495,0.452842,0.520006,2,0.305718
92,2,0.722892,0.52381,0.736842,0.6,1,4,2,1,0,1,1,0,0,0,1,0,0,0,0,0,0,1,0,0,0,0,0,0,0,0,0,0,0,0,0,0,0,0,0.24442,0.516989,0.481439,2,0.237537
93,0,0.53012,0.52381,0.578947,0.45,1,3,1,0,1,1,1,0,1,0,0,0,0,0,0,0,0,1,0,0,0,0,0,0,0,0,0,0,0,0,0,0,0,0,0.303456,0.506899,0.448216,1,0.310117
94,0,0.650602,0.714286,0.578947,0.6,2,3,1,1,1,1,0,0,1,0,0,0,0,0,0,0,0,1,0,0,0,0,0,0,0,0,0,0,0,0,0,0,0,0,0.355292,0.431013,0.513217,2,0.354839
95,0,0.481928,0.428571,0.614035,0.35,1,2,1,0,1,1,1,0,1,0,0,0,0,0,0,0,0,1,0,0,0,0,0,0,0,0,0,0,0,0,0,0,0,0,0.266559,0.580519,0.374549,1,0.274927
96,0,0.361446,0.095238,0.614035,0.25,1,1,0,0,1,1,1,0,1,0,0,0,0,0,1,0,0,0,0,0,0,0,0,0,0,0,0,0,0,0,0,0,0,0,0.073074,0.723023,0.329915,1,0.076979
97,0,0.578313,0.428571,0.631579,0.55,1,2,1,0,1,1,0,0,1,0,0,0,0,0,0,0,0,1,0,0,0,0,0,0,0,0,0,0,0,0,0,0,0,0,0.228942,0.508855,0.505272,1,0.235337
98,0,0.674699,0.571429,0.666667,0.65,1,2,1,1,1,1,0,0,1,0,0,0,0,0,0,0,0,1,0,0,0,0,0,0,0,0,0,0,0,0,0,0,0,0,0.269078,0.470758,0.526506,2,0.274927
99,2,0.493976,0.333333,0.666667,0.35,1,1,1,0,1,1,1,0,1,0,0,0,0,0,0,0,0,1,0,0,0,0,0,0,0,0,0,0,0,0,0,0,0,0,0.204104,0.620675,0.368482,1,0.209677
100,2,0.421687,0.333333,0.614035,0.3,0,1,1,0,1,1,1,0,1,0,0,0,0,0,0,0,0,1,0,0,0,0,0,0,0,0,0,0,0,0,0,0,0,0,0.223002,0.626442,0.345082,1,0.239003
101,1,0.481928,0.142857,0.649123,0.45,1,1,1,0,1,1,0,1,1,0,0,0,0,0,0,0,0,0,0,0,0,0,0,0,0,0,1,0,0,0,0,0,0,0,0.088193,0.609143,0.477539,1,0.091642
102,0,0.578313,0.47619,0.631579,0.55,1,3,1,0,1,1,0,1,1,0,0,0,0,0,0,0,0,1,0,0,0,0,0,0,0,0,0,0,0,0,0,0,0,0,0.2509,0.501339,0.498194,1,0.26173
103,2,0.457831,0.428571,0.684211,0.3,1,1,1,0,0,1,1,0,1,0,0,0,0,0,0,0,0,1,0,0,0,0,0,0,0,0,0,0,0,0,0,0,0,0,0.259179,0.629325,0.312003,1,0.286657
104,0,0.53012,0.380952,0.631579,0.5,1,2,0,0,1,1,1,0,1,0,0,0,0,0,0,0,0,0,0,0,0,0,0,0,0,0,0,0,0,0,0,1,0,0,0.213283,0.534699,0.481439,1,0.225806
105,2,0.722892,0.333333,1.0,0.45,1,4,1,0,0,1,1,0,1,0,0,0,0,0,0,0,0,0,0,0,0,0,0,0,0,0,0,0,0,0,0,1,0,0,0.147768,0.670923,0.343059,2,0.151026
106,2,0.60241,0.47619,0.842105,0.35,1,2,1,0,1,1,1,0,1,0,0,0,0,0,0,0,0,0,0,0,0,0,0,0,0,0,0,0,0,0,0,1,0,0,0.240821,0.645284,0.304348,1,0.252933
107,2,0.409639,0.285714,0.631579,0.3,0,1,1,0,0,1,1,0,1,0,0,0,0,0,0,0,0,1,0,0,0,0,0,0,0,0,0,0,0,0,0,0,0,0,0.191145,0.644666,0.345082,1,0.209677
108,2,0.361446,0.285714,0.578947,0.25,0,1,1,0,0,1,1,0,1,0,0,0,0,0,0,0,0,1,0,0,0,0,0,0,0,0,0,0,0,0,0,0,0,0,0.210763,0.653418,0.317059,1,0.231672
109,1,0.445783,0.666667,0.508772,0.35,2,3,1,0,0,1,1,1,0,0,1,0,0,0,0,0,0,0,0,0,0,0,0,1,0,0,0,0,0,0,0,0,0,0,0.421706,0.487335,0.38076,1,0.456012
110,1,0.481928,0.714286,0.508772,0.4,2,3,1,1,0,1,1,1,0,0,1,0,0,0,0,0,0,0,0,0,0,0,0,0,0,0,0,0,1,0,0,0,0,0,0.428546,0.460667,0.412682,1,0.458211
111,1,0.240964,0.047619,0.438596,0.25,1,1,0,0,0,1,0,1,0,0,0,0,1,0,0,0,0,0,0,0,0,0,0,0,0,0,0,0,0,0,0,0,0,1,0.046976,0.670202,0.424816,0,0.052053
112,2,0.385542,0.52381,0.508772,0.3,0,3,1,0,1,1,1,0,1,0,0,0,0,0,0,0,0,1,0,0,0,0,0,0,0,0,0,0,0,0,0,0,0,0,0.363211,0.537171,0.357793,1,0.403226
113,0,0.481928,0.47619,0.631579,0.3,1,3,1,0,1,1,1,0,0,0,0,0,1,0,0,0,0,1,0,0,0,0,0,0,0,0,0,0,0,0,0,0,0,0,0.297516,0.600082,0.322259,1,0.305718
114,0,0.506024,0.47619,0.649123,0.35,1,3,2,0,1,1,0,0,0,0,0,0,1,0,0,0,0,0,0,0,0,0,0,0,0,0,0,1,0,0,0,0,0,0,0.282397,0.584123,0.356926,1,0.293255
115,2,0.578313,0.47619,0.824561,0.35,1,2,1,0,0,1,1,0,1,0,0,0,0,0,0,0,0,0,0,0,0,0,0,0,0,0,0,0,0,0,0,1,0,0,0.24406,0.640445,0.308537,1,0.26173
116,1,0.156627,0.333333,0.175439,0.2,0,3,2,0,1,1,0,1,1,0,0,0,0,0,0,1,0,0,0,0,0,0,0,0,0,0,0,0,0,0,0,0,0,0,0.466703,0.389827,0.481439,0,0.489003
117,0,0.325301,0.428571,0.421053,0.25,0,3,2,0,1,0,1,0,1,0,0,0,0,0,0,1,0,0,0,0,0,0,0,0,0,0,0,0,0,0,0,0,0,0,0.357991,0.53923,0.359093,1,0.376833
118,0,0.313253,0.380952,0.385965,0.3,0,3,1,0,1,0,1,0,1,0,0,0,0,0,0,0,0,1,0,0,0,0,0,0,0,0,0,0,0,0,0,0,0,0,0.323614,0.502574,0.438249,1,0.345308
119,0,0.409639,0.428571,0.491228,0.35,0,3,1,0,1,0,1,0,1,0,0,0,0,0,0,0,0,0,0,0,0,0,1,0,0,0,0,0,0,0,0,0,0,0,0.301296,0.525844,0.423227,1,0.314516
120,0,0.361446,0.47619,0.421053,0.3,0,3,2,0,1,0,1,0,1,0,0,0,0,0,1,0,0,0,0,0,0,0,0,0,0,0,0,0,0,0,0,0,0,0,0.37113,0.501133,0.402138,1,0.38563
121,2,0.60241,0.619048,0.701754,0.4,1,3,2,1,0,1,1,0,1,0,0,0,0,0,0,0,0,1,0,0,0,0,0,0,0,0,0,0,0,0,0,0,0,0,0.325054,0.556631,0.361115,1,0.328446
122,2,0.60241,0.619048,0.701754,0.45,1,3,1,0,0,1,1,0,0,0,0,0,1,0,0,0,0,1,0,0,0,0,0,0,0,0,0,0,0,0,0,0,0,0,0.315155,0.538921,0.393904,1,0.328446
123,0,0.421687,0.428571,0.438596,0.4,1,2,0,0,1,1,1,0,1,0,0,0,0,0,0,0,0,1,0,0,0,0,0,0,0,0,0,0,0,0,0,0,0,0,0.305616,0.475494,0.490539,1,0.307185
124,0,0.289157,0.190476,0.491228,0.2,0,0,0,0,1,1,1,0,1,0,0,0,0,0,0,0,1,0,0,0,0,0,0,0,0,0,0,0,0,0,0,0,0,0,0.171346,0.681322,0.309548,1,0.183284
125,0,0.481928,0.47619,0.491228,0.45,1,2,0,0,1,1,1,0,1,0,0,0,0,0,0,0,1,0,0,0,0,0,0,0,0,0,0,0,0,0,0,0,0,0,0.303816,0.474362,0.493717,1,0.305718
126,0,0.313253,0.142857,0.438596,0.35,1,0,0,0,1,1,1,0,1,0,0,0,0,0,1,0,0,0,0,0,0,0,0,0,0,0,0,0,0,0,0,0,0,0,0.12059,0.568575,0.50845,1,0.129032
127,0,0.385542,0.428571,0.403509,0.4,1,2,0,0,1,1,1,0,1,0,0,0,0,0,0,0,0,1,0,0,0,0,0,0,0,0,0,0,0,0,0,0,0,0,0.317675,0.454901,0.50975,1,0.329912
128,0,0.445783,0.47619,0.578947,0.3,1,3,1,0,1,1,1,0,0,0,0,0,1,0,0,0,0,1,0,0,0,0,0,0,0,0,0,0,0,0,0,0,0,0,0.312995,0.57918,0.339159,1,0.325513
129,0,0.39759,0.52381,0.421053,0.4,1,3,0,0,1,1,1,0,1,0,0,0,0,0,0,0,0,1,0,0,0,0,0,0,0,0,0,0,0,0,0,0,0,0,0.366631,0.447076,0.481439,1,0.393695
130,0,0.433735,0.47619,0.438596,0.45,1,3,0,0,1,1,1,0,1,0,0,0,0,0,0,0,0,1,0,0,0,0,0,0,0,0,0,0,0,0,0,0,0,0,0.320014,0.446252,0.520006,1,0.333578
131,0,0.506024,0.47619,0.649123,0.35,1,3,2,0,1,1,0,0,0,0,0,0,1,0,0,0,0,0,0,0,0,0,0,0,0,0,0,1,0,0,0,0,0,0,0.282397,0.584123,0.356926,1,0.293255
132,0,0.385542,0.380952,0.473684,0.35,1,2,0,0,1,1,1,0,1,0,0,0,0,0,1,0,0,0,0,0,0,0,0,0,0,0,0,0,0,0,0,0,0,0,0.278258,0.527492,0.439549,1,0.293255
133,0,0.361446,0.428571,0.368421,0.4,0,3,0,0,1,1,1,0,1,0,0,0,0,0,1,0,0,0,0,0,0,0,0,0,0,0,0,0,0,0,0,0,0,0,0.330634,0.432661,0.53055,1,0.347507
134,1,0.457831,0.428571,0.491228,0.45,1,2,0,0,1,1,1,1,1,0,0,0,0,0,0,0,0,0,0,0,0,1,0,0,0,0,0,0,0,0,0,0,0,0,0.278078,0.483011,0.502094,1,0.286657
135,1,0.361446,0.238095,0.508772,0.3,0,0,0,0,1,1,1,1,1,0,0,0,0,0,0,0,0,0,0,0,0,1,0,0,0,0,0,0,0,0,0,0,0,0,0.185565,0.60729,0.402138,1,0.192815
136,3,0.518072,0.619048,0.491228,0.45,1,3,0,1,0,1,1,1,1,0,0,0,0,0,0,0,0,0,0,0,0,1,0,0,0,0,0,0,0,0,0,0,0,0,0.37581,0.450062,0.469883,1,0.3739
137,3,0.385542,0.238095,0.526316,0.35,0,0,0,0,0,1,1,1,1,0,0,0,0,0,0,0,0,0,0,0,0,1,0,0,0,0,0,0,0,0,0,0,0,0,0.173866,0.587109,0.439549,1,0.183284
138,3,0.566265,0.52381,0.666667,0.45,1,2,1,0,0,1,1,0,1,0,0,0,0,0,0,0,0,1,0,0,0,0,0,0,0,0,0,0,0,0,0,0,0,0,0.281857,0.54201,0.416438,1,0.293255
139,3,0.626506,0.666667,0.666667,0.45,1,3,1,0,0,1,1,0,1,0,0,0,0,0,0,0,0,1,0,0,0,0,0,0,0,0,0,0,0,0,0,0,0,0,0.343952,0.518534,0.399393,1,0.342375
140,3,0.650602,0.714286,0.666667,0.5,1,3,1,1,0,1,1,0,1,0,0,0,0,0,0,0,0,1,0,0,0,0,0,0,0,0,0,0,0,0,0,0,0,0,0.352952,0.495264,0.424816,2,0.354839
141,3,0.590361,0.571429,0.649123,0.45,1,2,1,1,0,1,1,0,1,0,0,0,0,0,0,0,0,1,0,0,0,0,0,0,0,0,0,0,0,0,0,0,0,0,0.307415,0.527286,0.416438,1,0.308651
142,3,0.493976,0.333333,0.666667,0.35,0,1,1,0,0,1,1,0,1,0,0,0,0,0,0,0,0,1,0,0,0,0,0,0,0,0,0,0,0,0,0,0,0,0,0.204104,0.620675,0.368482,1,0.209677
143,0,0.240964,0.190476,0.421053,0.15,0,0,0,0,1,0,1,0,1,0,0,0,0,0,0,0,0,0,0,0,0,0,0,0,0,0,0,0,0,0,1,0,0,0,0.201404,0.690383,0.272714,0,0.209677
144,0,0.421687,0.428571,0.561404,0.3,0,3,1,0,1,0,1,0,1,0,0,0,0,0,0,0,0,0,0,0,0,0,0,0,0,0,0,0,0,0,0,1,0,0,0.291937,0.582578,0.351293,1,0.307185
145,0,0.289157,0.238095,0.45614,0.2,0,0,0,0,1,0,1,0,1,0,0,0,0,0,0,0,1,0,0,0,0,0,0,0,0,0,0,0,0,0,0,0,0,0,0.219582,0.648373,0.317059,1,0.228739
146,0,0.385542,0.428571,0.45614,0.3,2,3,0,0,1,0,1,0,1,0,0,0,0,0,1,0,0,0,0,0,0,0,0,0,0,0,0,0,0,0,0,0,0,0,0.327214,0.532022,0.393904,1,0.329912
147,0,0.361446,0.238095,0.561404,0.2,0,0,0,0,1,0,1,0,1,0,0,0,0,0,0,0,0,0,0,0,0,0,0,0,0,0,0,0,0,0,1,0,0,0,0.191505,0.693266,0.276614,1,0.192815
148,0,0.433735,0.380952,0.526316,0.35,0,2,0,0,1,0,1,0,1,0,0,0,0,0,0,0,0,0,0,0,0,0,0,0,0,0,0,0,0,0,1,0,0,0,0.262959,0.553336,0.415571,1,0.266862
149,0,0.253012,0.190476,0.473684,0.15,0,0,0,0,1,0,1,0,1,0,0,0,0,0,0,0,0,0,0,0,0,0,0,0,0,0,0,0,0,0,1,0,0,0,0.185745,0.714374,0.251625,0,0.202346
150,0,0.313253,0.190476,0.54386,0.15,0,0,0,0,1,0,1,0,1,0,0,0,0,0,0,0,0,0,0,0,0,0,0,0,0,0,0,0,0,0,1,0,0,0,0.168467,0.741042,0.22808,1,0.172287
151,0,0.192771,0.142857,0.385965,0.15,0,0,0,0,1,0,1,0,1,0,0,0,0,0,0,0,1,0,0,0,0,0,0,0,0,0,0,0,0,0,0,0,0,0,0.164867,0.693472,0.297703,0,0.183284
152,0,0.313253,0.380952,0.385965,0.3,0,3,1,0,1,0,1,0,1,0,0,0,0,0,0,0,0,1,0,0,0,0,0,0,0,0,0,0,0,0,0,0,0,0,0.323614,0.502574,0.438249,1,0.345308
153,0,0.361446,0.285714,0.491228,0.35,1,2,0,0,1,0,1,0,1,0,0,0,0,0,0,0,0,0,0,0,0,0,0,0,0,0,0,0,0,0,1,0,0,0,0.212743,0.55869,0.448216,1,0.231672
154,0,0.409639,0.285714,0.578947,0.35,1,2,0,0,1,0,1,0,1,0,0,0,0,0,0,0,0,0,0,0,0,0,0,0,0,0,0,0,0,0,1,0,0,0,0.193665,0.598332,0.40806,1,0.209677
155,0,0.120482,0.285714,0.0,0.35,0,3,0,0,1,1,1,0,1,0,0,0,0,0,0,0,0,1,0,0,0,0,0,0,0,0,0,0,0,0,0,0,0,0,0.474622,0.015651,1.0,0,0.489003
156,0,0.072289,0.285714,0.0,0.25,0,3,0,0,1,1,1,1,1,0,0,0,0,0,1,0,0,0,0,0,0,0,0,0,0,0,0,0,0,0,0,0,0,0,0.591793,0.026771,0.890365,0,0.628299
157,0,0.457831,0.428571,0.45614,0.45,1,2,0,0,1,1,1,0,0,0,0,0,1,0,0,0,0,1,0,0,0,0,0,0,0,0,0,0,0,0,0,0,0,0,0.287977,0.46458,0.520006,1,0.286657
158,0,0.409639,0.428571,0.45614,0.4,1,2,0,0,1,1,1,1,1,0,0,0,0,0,0,0,0,0,0,0,0,1,0,0,0,0,0,0,0,0,0,0,0,0,0.300036,0.485173,0.481439,1,0.314516
159,0,0.481928,0.428571,0.614035,0.35,1,3,0,0,1,1,1,0,1,0,0,0,0,0,0,0,0,1,0,0,0,0,0,0,0,0,0,0,0,0,0,0,0,0,0.266559,0.580519,0.374549,1,0.274927
160,0,0.253012,0.190476,0.45614,0.15,0,0,0,1,1,0,1,0,1,0,0,0,0,0,0,0,0,0,0,0,0,0,0,0,0,0,0,0,0,0,1,0,0,0,0.190785,0.706755,0.25827,0,0.202346
161,0,0.481928,0.47619,0.614035,0.4,1,2,2,0,1,1,0,0,0,1,0,0,0,0,0,0,0,1,0,0,0,0,0,0,0,0,0,0,0,0,0,0,0,0,0.281138,0.549526,0.406182,1,0.305718
162,3,0.168675,0.714286,0.035088,0.2,0,3,1,1,0,1,1,1,0,0,1,0,0,0,0,0,0,0,0,0,0,0,0,0,0,0,1,0,0,0,0,0,0,0,1.0,0.084741,0.481439,0,1.0
163,3,0.216867,0.666667,0.052632,0.3,0,3,1,1,0,1,1,1,1,0,0,0,0,0,0,0,0,0,0,0,0,0,0,0,0,0,1,0,0,0,0,0,0,0,0.799856,0.101112,0.619096,0,0.789589
164,3,0.192771,0.666667,0.035088,0.25,0,3,1,1,0,1,1,1,1,0,0,0,0,0,0,0,0,0,0,0,0,0,0,0,0,0,1,0,0,0,0,0,0,0,0.892009,0.079695,0.575184,0,0.855572
165,2,0.481928,0.571429,0.140351,0.9,2,3,2,1,0,1,1,0,1,0,0,0,0,0,0,0,0,1,0,0,0,0,0,0,0,0,0,0,0,0,0,0,0,0,0.351152,0.120984,0.951177,1,0.366569
166,2,0.313253,0.52381,0.105263,0.55,0,3,1,1,0,1,1,0,0,0,0,0,1,0,0,0,0,1,0,0,0,0,0,0,0,0,0,0,0,0,0,0,0,0,0.463103,0.1389,0.836198,1,0.47434
167,2,0.240964,0.428571,0.122807,0.45,0,3,1,1,0,1,1,0,1,0,0,0,0,0,0,0,0,1,0,0,0,0,0,0,0,0,0,0,0,0,0,0,0,0,0.434845,0.191516,0.785209,0,0.471408
168,2,0.277108,0.47619,0.122807,0.5,0,3,2,1,0,1,1,0,0,0,0,1,0,0,0,0,0,1,0,0,0,0,0,0,0,0,0,0,0,0,0,0,0,0,0.444384,0.173703,0.802542,1,0.472874
169,3,0.325301,0.857143,0.070175,0.45,0,3,2,2,0,1,1,0,0,0,1,0,0,0,0,0,0,0,0,0,0,0,0,0,0,0,1,0,0,0,0,0,0,0,0.7491,0.089374,0.676296,1,0.754399
170,2,0.493976,0.380952,0.649123,0.4,1,1,2,0,0,1,1,0,0,0,0,1,0,0,0,0,0,1,0,0,0,0,0,0,0,0,0,0,0,0,0,0,0,0,0.224982,0.581755,0.406182,1,0.239736
171,1,0.361446,0.380952,0.403509,0.4,1,2,1,1,0,1,0,1,0,0,0,1,0,0,0,0,0,0,0,0,0,0,0,0,1,0,0,0,0,0,0,0,0,0,0.287977,0.46458,0.520006,1,0.308651
172,2,0.722892,0.666667,0.701754,0.7,2,4,2,1,0,1,1,0,0,0,1,0,0,0,0,0,0,1,0,0,0,0,0,0,0,0,0,0,0,0,0,0,0,0,0.291217,0.458402,0.526073,2,0.302053
173,2,0.771084,0.714286,0.754386,0.65,2,4,2,1,0,1,1,0,0,0,1,0,0,0,0,0,0,1,0,0,0,0,0,0,0,0,0,0,0,0,0,0,0,0,0.305976,0.483731,0.478694,2,0.305718
174,2,0.409639,0.428571,0.526316,0.35,1,1,1,0,0,1,1,0,0,1,0,0,0,0,0,0,0,0,0,0,1,0,0,0,0,0,0,0,0,0,0,0,0,0,0.290497,0.542937,0.40806,1,0.314516
175,1,0.53012,0.761905,0.438596,0.5,1,3,1,2,0,1,1,1,1,0,0,0,0,0,0,0,0,0,0,0,0,1,0,0,0,0,0,0,0,0,0,0,0,0,0.446544,0.3854,0.503828,1,0.45088
176,1,0.60241,0.809524,0.438596,0.65,2,3,1,2,0,1,1,1,1,0,0,0,0,0,0,0,0,0,0,0,0,1,0,0,0,0,0,0,0,0,0,0,0,0,0.423506,0.340918,0.584718,1,0.429619
177,1,0.843373,0.761905,0.789474,0.8,1,5,1,2,0,1,1,1,1,0,0,0,0,0,0,0,0,0,0,0,0,1,0,0,0,0,0,0,0,0,0,0,0,0,0.293916,0.453666,0.53055,2,0.300587
178,1,0.240964,0.619048,0.052632,0.4,0,3,1,1,0,1,1,1,0,1,0,0,0,0,0,0,0,0,0,0,0,0,0,0,0,0,0,0,1,0,0,0,0,0,0.668467,0.088035,0.742886,0,0.681085
179,1,0.204819,0.666667,0.035088,0.3,0,3,1,1,0,1,1,1,0,1,0,0,0,0,0,0,0,0,0,0,0,0,0,0,0,0,0,0,1,0,0,0,0,0,0.826134,0.071664,0.639318,0,0.821114
180,1,0.26506,0.619048,0.070175,0.4,0,3,1,1,0,1,1,1,0,1,0,0,0,0,0,0,0,0,0,0,0,0,0,0,0,0,0,0,1,0,0,0,0,0,0.649928,0.113365,0.72223,0,0.63563
181,1,0.26506,0.714286,0.070175,0.35,2,3,2,1,0,0,0,1,0,1,0,0,0,0,0,0,0,0,0,0,0,0,0,0,0,0,0,1,0,0,0,0,0,0,0.75522,0.114395,0.636429,0,0.733138
182,1,0.361446,0.333333,0.368421,0.45,1,2,2,1,1,1,0,1,1,0,0,0,0,0,0,0,0,1,0,0,0,0,0,0,0,0,0,0,0,0,0,0,0,0,0.25576,0.430292,0.593962,1,0.269795
183,1,0.216867,0.095238,0.315789,0.25,1,5,1,0,1,0,0,1,1,0,0,0,0,0,0,0,0,0,0,0,0,0,0,0,0,0,0,0,0,0,1,0,0,0,0.111591,0.576915,0.503828,0,0.112903
184,1,0.120482,0.095238,0.192982,0.2,1,5,2,0,0,0,0,1,1,0,0,0,0,0,0,0,0,0,0,0,0,0,0,0,0,0,0,0,0,0,1,0,0,0,0.156587,0.507516,0.565217,0,0.162757
185,1,0.313253,0.285714,0.298246,0.45,1,2,2,1,1,0,0,1,1,0,0,0,0,0,0,0,0,1,0,0,0,0,0,0,0,0,0,0,0,0,0,0,0,0,0.24406,0.389209,0.660985,1,0.258798
186,1,0.277108,0.142857,0.333333,0.35,1,5,1,1,1,0,0,1,1,0,0,0,0,0,0,0,0,0,0,0,0,0,0,0,0,0,0,0,0,0,1,0,0,0,0.139309,0.50175,0.587173,1,0.142229
187,1,0.084337,0.047619,0.175439,0.15,1,5,2,0,0,0,0,1,1,0,0,0,0,0,0,0,0,0,0,0,0,0,0,0,0,0,0,0,0,0,1,0,0,0,0.095932,0.574444,0.520006,0,0.097507
188,1,0.048193,0.071429,0.157895,0.1,0,0,0,0,0,0,0,1,1,0,0,0,0,0,0,0,0,0,0,0,0,0,1,0,0,0,0,0,0,0,0,0,0,0,0.168826,0.61388,0.406182,0,0.183284
189,1,0.108434,0.190476,0.035088,0.35,0,3,0,0,0,0,0,1,1,0,0,0,0,0,0,0,0,1,0,0,0,0,0,0,0,0,0,0,0,0,0,0,0,0,0.316415,0.106157,1.0,0,0.345308
190,1,0.144578,0.238095,0.070175,0.35,1,3,2,0,0,0,0,1,0,1,0,0,0,0,0,0,0,1,0,0,0,0,0,0,0,0,0,0,0,0,0,0,0,0,0.349532,0.170305,0.883576,0,0.366569
191,1,0.096386,0.047619,0.22807,0.15,1,0,1,0,0,0,0,1,1,0,0,0,0,0,0,0,0,1,0,0,0,0,0,0,0,0,0,0,0,0,0,0,0,0,0.082793,0.633134,0.448216,0,0.091642
192,1,0.277108,0.761905,0.052632,0.35,0,3,1,1,0,1,1,1,0,0,1,0,0,0,0,0,0,0,0,0,0,0,0,0,0,0,0,0,1,0,0,0,0,0,0.805616,0.085564,0.636429,1,0.756598
193,1,0.240964,0.857143,0.0,0.35,0,3,2,2,0,1,1,1,1,0,0,0,0,0,0,0,0,0,0,0,0,1,0,0,0,0,0,0,0,0,0,0,0,0,0.932325,0.0,0.654629,0,0.942815
194,1,0.048193,0.142857,0.122807,0.1,0,0,0,1,1,0,0,1,1,0,0,0,0,0,0,0,0,0,0,0,0,0,0,0,0,0,0,0,0,0,1,0,0,0,0.348272,0.50175,0.419327,0,0.366569
195,1,0.036145,0.047619,0.210526,0.025,0,0,0,0,1,0,0,1,1,0,0,0,0,0,0,0,0,0,0,0,0,0,0,0,0,0,0,0,0,0,1,0,0,0,0.11897,0.855334,0.107468,0,0.133431
196,1,0.024096,0.02381,0.192982,0.0,0,0,0,0,1,0,0,1,1,0,0,0,0,0,0,0,0,0,0,0,0,0,0,0,0,0,0,0,0,0,1,0,0,0,0.071994,0.958814,0.0,0,0.073314
197,1,0.0,0.02381,0.140351,0.0,0,0,1,0,0,0,0,1,1,0,0,0,0,0,0,0,0,0,0,0,0,0,0,0,0,0,0,0,0,0,0,0,1,0,0.094672,0.94584,0.0,0,0.091642
198,1,0.036145,0.071429,0.175439,0.025,0,0,2,0,1,0,0,1,0,1,0,0,0,0,0,0,1,0,0,0,0,0,0,0,0,0,0,0,0,0,0,0,0,0,0.198164,0.801586,0.119312,0,0.200147
199,1,0.144578,0.095238,0.22807,0.25,1,5,0,1,0,0,0,1,1,0,0,0,0,0,0,0,0,0,0,0,0,0,0,0,0,0,0,0,0,0,1,0,0,0,0.132109,0.499382,0.596273,0,0.146628
200,1,0.096386,0.0,0.333333,0.0,1,5,0,1,0,0,0,1,1,0,0,0,0,0,0,0,0,0,0,0,0,0,0,0,0,0,0,0,0,0,1,0,0,0,0.0,1.0,0.0,0,0.0
201,1,0.26506,0.190476,0.421053,0.25,1,2,0,0,0,0,0,1,1,0,0,0,0,0,0,0,0,0,0,0,0,0,1,0,0,0,0,0,0,0,0,0,0,0,0.178906,0.609864,0.403727,0,0.195748
202,1,0.216867,0.095238,0.438596,0.15,1,0,0,0,0,0,0,1,1,0,0,0,0,0,0,0,0,0,0,0,0,0,0,0,0,0,0,0,0,0,1,0,0,0,0.103672,0.740733,0.280514,0,0.112903
203,1,0.144578,0.095238,0.298246,0.15,1,0,0,0,0,0,0,1,1,0,0,0,0,0,0,0,0,0,0,0,0,0,0,0,0,0,0,0,0,0,1,0,0,0,0.134629,0.6632,0.364437,0,0.146628
204,1,0.277108,0.142857,0.368421,0.35,1,5,0,1,0,0,0,1,1,0,0,0,0,0,0,0,0,0,0,0,0,0,0,0,0,0,0,0,0,0,1,0,0,0,0.132469,0.526256,0.558284,1,0.142229
205,1,0.361446,0.095238,0.508772,0.35,1,5,1,0,0,0,0,1,1,0,0,0,0,0,0,0,0,0,0,0,0,0,0,0,0,0,0,0,0,0,1,0,0,0,0.075414,0.617278,0.476383,1,0.076979
206,1,0.457831,0.333333,0.508772,0.5,1,2,2,1,0,0,0,1,1,0,0,0,0,0,0,0,0,1,0,0,0,0,0,0,0,0,0,0,0,0,0,0,0,0,0.211663,0.489498,0.546295,1,0.222874
207,2,0.39759,0.666667,0.438596,0.3,2,3,1,1,0,1,1,0,0,0,0,0,1,0,0,0,0,1,0,0,0,0,0,0,0,0,0,0,0,0,0,0,0,0,0.471022,0.470758,0.364437,1,0.500733
208,2,0.373494,0.571429,0.438596,0.3,1,2,1,0,0,1,1,0,0,0,0,0,1,0,0,0,0,1,0,0,0,0,0,0,0,0,0,0,0,0,0,0,0,0,0.419366,0.490218,0.378593,1,0.45088
209,2,0.819277,0.904762,0.526316,0.9,2,3,1,1,0,1,1,0,0,0,0,0,1,0,0,0,0,1,0,0,0,0,0,0,0,0,0,0,0,0,0,0,0,0,0.37779,0.323002,0.646396,2,0.366569
210,2,0.783133,0.809524,0.526316,0.85,2,3,1,1,0,1,1,0,0,0,0,0,1,0,0,0,0,1,0,0,0,0,0,0,0,0,0,0,0,0,0,0,0,0,0.354752,0.340404,0.640618,2,0.341642
211,2,0.614458,0.761905,0.508772,0.55,2,3,1,1,0,1,1,0,0,0,0,0,1,0,0,0,0,1,0,0,0,0,0,0,0,0,0,0,0,0,0,0,0,0,0.406947,0.406919,0.505272,1,0.397361
212,2,0.590361,0.714286,0.508772,0.5,2,3,1,1,0,1,1,0,0,0,0,0,1,0,0,0,0,1,0,0,0,0,0,0,0,0,0,0,0,0,0,0,0,0,0.399928,0.427924,0.481439,1,0.38563
213,2,0.506024,0.666667,0.491228,0.35,2,3,1,1,0,1,1,0,0,0,0,0,1,0,0,0,0,1,0,0,0,0,0,0,0,0,0,0,0,0,0,0,0,0,0.428906,0.478583,0.38726,1,0.410557
214,2,0.481928,0.666667,0.508772,0.4,2,3,1,1,0,1,1,0,0,0,0,0,1,0,0,0,0,1,0,0,0,0,0,0,0,0,0,0,0,0,0,0,0,0,0.406407,0.468596,0.419327,1,0.427419
215,2,0.771084,0.809524,0.526316,0.85,2,3,1,1,0,1,1,0,0,0,0,0,1,0,0,0,0,1,0,0,0,0,0,0,0,0,0,0,0,0,0,0,0,0,0.354752,0.340404,0.640618,2,0.346041
216,2,0.46988,0.714286,0.473684,0.4,2,3,1,1,0,1,1,0,0,0,0,0,1,0,0,0,0,1,0,0,0,0,0,0,0,0,0,0,0,0,0,0,0,0,0.442585,0.442957,0.42626,1,0.467742
217,2,0.86747,0.904762,0.578947,0.85,2,3,0,1,0,1,1,0,1,0,0,0,0,0,0,0,0,1,0,0,0,0,0,0,0,0,0,0,0,0,0,0,0,0,0.37473,0.353995,0.605518,2,0.34824
218,2,0.578313,0.666667,0.54386,0.45,2,3,0,1,0,1,1,0,1,0,0,0,0,0,0,0,0,1,0,0,0,0,0,0,0,0,0,0,0,0,0,0,0,0,0.38031,0.467669,0.441572,1,0.366569
219,2,0.554217,0.619048,0.54386,0.4,2,3,0,1,0,1,1,0,1,0,0,0,0,0,0,0,0,1,0,0,0,0,0,0,0,0,0,0,0,0,0,0,0,0,0.37131,0.493307,0.412682,1,0.352639
220,2,0.650602,0.714286,0.561404,0.55,2,3,0,1,0,1,1,0,1,0,0,0,0,0,0,0,0,1,0,0,0,0,0,0,0,0,0,0,0,0,0,0,0,0,0.37113,0.437397,0.491405,2,0.354839
221,2,0.626506,0.714286,0.561404,0.5,2,3,0,1,0,1,1,0,1,0,0,0,0,0,0,0,0,1,0,0,0,0,0,0,0,0,0,0,0,0,0,0,0,0,0.383009,0.452327,0.460927,1,0.366569
222,2,0.698795,0.809524,0.552632,0.7,2,3,1,1,0,1,1,0,0,0,1,0,0,0,0,0,0,1,0,0,0,0,0,0,0,0,0,0,0,0,0,0,0,0,0.37779,0.383443,0.561751,2,0.377566
223,2,0.795181,0.809524,0.578947,0.85,2,3,1,1,0,1,1,0,1,0,0,0,0,0,0,0,0,1,0,0,0,0,0,0,0,0,0,0,0,0,0,0,0,0,0.342873,0.362644,0.619096,2,0.33651
224,2,0.590361,0.666667,0.54386,0.5,2,3,1,1,0,1,1,0,1,0,0,0,0,1,0,0,0,0,0,0,0,0,0,0,0,0,0,0,0,0,0,0,0,0,0.367891,0.4514,0.474505,1,0.359971
225,2,0.626506,0.714286,0.54386,0.55,2,3,1,1,0,1,1,0,0,0,0,1,0,0,0,0,0,1,0,0,0,0,0,0,0,0,0,0,0,0,0,0,0,0,0.37635,0.429572,0.498194,1,0.366569
226,2,0.686747,0.809524,0.54386,0.65,2,3,1,1,0,1,1,0,0,0,1,0,0,0,0,0,0,1,0,0,0,0,0,0,0,0,0,0,0,0,0,0,0,0,0.391109,0.391371,0.539939,2,0.383431
227,2,1.0,0.952381,0.666667,1.0,2,3,2,2,0,1,1,0,1,0,0,0,0,0,0,0,0,1,0,0,0,0,0,0,0,0,0,0,0,0,0,0,0,0,0.346112,0.356466,0.625018,2,0.322581
228,2,0.963855,0.904762,0.666667,0.95,2,3,2,2,0,1,1,0,1,0,0,0,0,0,0,0,0,1,0,0,0,0,0,0,0,0,0,0,0,0,0,0,0,0,0.339453,0.368925,0.612885,2,0.316716
229,2,0.795181,0.761905,0.640351,0.65,2,3,2,2,0,1,1,0,0,0,0,0,1,0,0,0,0,1,0,0,0,0,0,0,0,0,0,0,0,0,0,0,0,0,0.348092,0.436985,0.510617,2,0.316716
230,2,0.819277,0.809524,0.631579,0.7,2,3,2,2,0,1,1,0,0,0,0,1,0,0,0,0,0,1,0,0,0,0,0,0,0,0,0,0,0,0,0,0,0,0,0.357811,0.415877,0.532139,2,0.327713
231,2,0.86747,0.904762,0.631579,0.8,2,3,2,2,0,1,1,0,0,0,1,0,0,0,0,0,0,1,0,0,0,0,0,0,0,0,0,0,0,0,0,0,0,0,0.37167,0.384473,0.565217,2,0.34824
232,2,0.73494,0.714286,0.631579,0.55,2,3,2,1,0,1,1,0,1,0,0,0,0,0,0,0,0,1,0,0,0,0,0,0,0,0,0,0,0,0,0,0,0,0,0.351692,0.466742,0.465839,2,0.318915
233,2,0.819277,0.904762,0.596491,0.95,2,3,2,1,0,1,1,0,0,0,0,1,0,0,0,0,0,1,0,0,0,0,0,0,0,0,0,0,0,0,0,0,0,0,0.353492,0.342875,0.638307,2,0.366569
234,2,0.795181,0.857143,0.596491,0.9,2,3,2,1,0,1,1,0,0,0,0,1,0,0,0,0,0,1,0,0,0,0,0,0,0,0,0,0,0,0,0,0,0,0,0.346472,0.355745,0.62574,2,0.356305
235,2,0.614458,0.714286,0.561404,0.55,2,3,2,1,0,1,1,0,0,0,0,1,0,0,0,0,0,1,0,0,0,0,0,0,0,0,0,0,0,0,0,0,0,0,0.37113,0.437397,0.491405,1,0.372434
236,2,0.686747,0.809524,0.561404,0.7,2,3,2,1,0,1,1,0,0,0,1,0,0,0,0,0,0,1,0,0,0,0,0,0,0,0,0,0,0,0,0,0,0,0,0.37545,0.387253,0.558284,2,0.383431
237,2,0.518072,0.619048,0.561404,0.45,1,3,2,1,0,1,1,0,0,0,0,1,0,0,0,0,0,1,0,0,0,0,0,0,0,0,0,0,0,0,0,0,0,0,0.353132,0.483217,0.441572,1,0.3739
238,2,0.542169,0.666667,0.561404,0.5,1,3,2,1,0,1,1,0,0,0,0,1,0,1,0,0,0,0,0,0,0,0,0,0,0,0,0,0,0,0,0,0,0,0,0.362491,0.459226,0.467572,1,0.387097
239,2,0.86747,0.904762,0.614035,0.95,2,3,0,1,0,1,1,0,1,0,0,0,0,0,0,0,0,1,0,0,0,0,0,0,0,0,0,0,0,0,0,0,0,0,0.349892,0.349568,0.631663,2,0.34824
240,2,0.554217,0.666667,0.578947,0.45,2,3,0,1,0,1,1,0,1,0,0,0,0,0,0,0,0,1,0,0,0,0,0,0,0,0,0,0,0,0,0,0,0,0,0.36915,0.48332,0.428571,1,0.380499
241,2,0.614458,0.714286,0.578947,0.55,2,3,0,1,0,1,1,0,1,0,0,0,0,0,0,0,0,1,0,0,0,0,0,0,0,0,0,0,0,0,0,0,0,0,0.366091,0.445016,0.484761,1,0.372434
242,2,0.674699,0.761905,0.578947,0.7,2,3,0,1,0,1,1,0,0,0,1,0,0,0,0,0,0,1,0,0,0,0,0,0,0,0,0,0,0,0,0,0,0,0,0.353312,0.399918,0.558284,2,0.366569
243,2,0.590361,0.714286,0.578947,0.55,2,3,0,1,0,1,1,0,0,0,0,1,0,0,0,0,0,1,0,0,0,0,0,0,0,0,0,0,0,0,0,0,0,0,0.366091,0.445016,0.484761,1,0.38563
244,2,0.771084,0.809524,0.596491,0.8,2,3,0,1,0,1,1,0,1,0,0,0,0,0,0,0,0,1,0,0,0,0,0,0,0,0,0,0,0,0,0,0,0,0,0.347732,0.379839,0.590929,2,0.346041
245,2,0.46988,0.47619,0.561404,0.35,1,2,1,0,0,1,1,0,0,1,0,0,0,0,0,0,0,1,0,0,0,0,0,0,0,0,0,0,0,0,0,0,0,0,0.306335,0.548703,0.38726,1,0.312317
246,2,0.481928,0.52381,0.561404,0.35,1,2,1,0,0,1,1,0,0,1,0,0,0,0,0,0,0,1,0,0,0,0,0,0,0,0,0,0,0,0,0,0,0,0,0.331353,0.539024,0.38076,1,0.335777
247,0,0.240964,0.190476,0.403509,0.2,1,1,1,0,1,0,0,1,0,1,0,0,0,0,0,0,1,0,0,0,0,0,0,0,0,0,0,0,0,0,0,0,0,0,0.194564,0.63818,0.351293,0,0.209677
248,0,0.409639,0.428571,0.526316,0.35,1,2,1,0,1,1,0,0,0,1,0,0,0,0,0,0,0,1,0,0,0,0,0,0,0,0,0,0,0,0,0,0,0,0,0.290497,0.542937,0.40806,1,0.314516
249,0,0.216867,0.190476,0.403509,0.15,0,0,1,0,1,0,1,0,0,1,0,0,0,0,1,0,0,0,0,0,0,0,0,0,0,0,0,0,0,0,0,0,0,0,0.207163,0.681425,0.280514,0,0.225806
250,0,0.168675,0.238095,0.280702,0.15,0,3,0,0,1,0,0,1,0,1,0,0,0,0,0,0,0,0,0,0,0,0,0,0,0,1,0,0,0,0,0,0,0,0,0.312995,0.57918,0.339159,0,0.333578
251,1,0.277108,0.761905,0.052632,0.4,0,3,2,1,0,1,1,1,0,1,0,0,0,0,0,0,0,0,0,0,0,0,0,0,0,0,0,1,0,0,0,0,0,0,0.757919,0.078769,0.684241,1,0.756598
252,0,0.216867,0.142857,0.385965,0.2,1,1,1,0,1,0,0,1,0,1,0,0,0,0,0,0,1,0,0,0,0,0,0,0,0,0,0,0,0,0,0,0,0,0,0.154248,0.646932,0.371371,0,0.169355
253,2,0.722892,0.571429,0.736842,0.65,1,4,2,1,0,1,1,0,0,0,0,1,0,0,0,0,0,1,0,0,0,0,0,0,0,0,0,0,0,0,0,0,0,0,0.256299,0.495881,0.501517,2,0.258798
254,2,0.650602,0.714286,0.561404,0.55,2,3,2,1,0,1,1,0,0,0,0,1,0,0,0,0,0,0,0,0,0,0,0,0,0,0,1,0,0,0,0,0,0,0,0.37113,0.437397,0.491405,2,0.354839
255,2,0.843373,0.809524,0.666667,0.7,2,3,2,2,0,1,1,0,0,0,0,1,0,0,0,0,0,0,0,0,0,0,0,0,0,0,1,0,0,0,0,0,0,0,0.349712,0.429263,0.520006,2,0.319648
256,2,0.614458,0.666667,0.54386,0.55,1,3,2,1,0,1,1,0,0,0,0,1,0,0,0,0,0,1,0,0,0,0,0,0,0,0,0,0,0,0,0,0,0,0,0.356192,0.436058,0.505272,1,0.34824
257,1,0.385542,0.380952,0.438596,0.4,1,2,1,1,0,1,0,1,0,0,0,1,0,0,0,0,0,0,0,0,0,0,0,0,1,0,0,0,0,0,0,0,0,0,0.276818,0.485173,0.500072,1,0.293255
258,1,0.361446,0.666667,0.070175,0.65,0,3,2,2,0,0,1,1,0,0,0,1,0,0,0,0,0,0,0,0,0,0,0,0,0,0,1,0,0,0,0,0,0,0,0.522318,0.077018,0.875632,1,0.540323
259,1,0.409639,0.714286,0.087719,0.7,1,3,2,2,0,0,1,1,0,0,0,1,0,0,0,0,0,0,0,0,0,0,0,0,0,0,1,0,0,0,0,0,0,0,0.514219,0.088035,0.866676,1,0.52346
260,2,0.819277,0.761905,0.649123,0.7,1,4,2,1,0,1,1,0,0,0,0,1,0,1,0,0,0,0,0,0,0,0,0,0,0,0,0,0,0,0,0,0,0,0,0.336753,0.427924,0.532139,2,0.308651
261,2,0.650602,0.714286,0.54386,0.6,2,3,1,1,0,1,1,0,0,0,1,0,0,0,0,0,0,1,0,0,0,0,0,0,0,0,0,0,0,0,0,0,0,0,0.364831,0.415568,0.527084,2,0.354839
262,2,0.722892,0.666667,0.701754,0.7,2,4,2,1,0,1,1,0,0,0,1,0,0,0,0,0,0,1,0,0,0,0,0,0,0,0,0,0,0,0,0,0,0,0,0.291217,0.458402,0.526073,2,0.302053
263,2,0.698795,0.619048,0.561404,0.7,1,4,2,1,0,1,1,0,0,0,1,0,0,0,0,0,0,1,0,0,0,0,0,0,0,0,0,0,0,0,0,0,0,0,0.301836,0.408773,0.587173,2,0.288856
264,3,0.253012,0.666667,0.175439,0.25,0,3,1,1,0,0,1,1,0,0,1,0,0,0,0,0,0,0,0,0,0,0,0,0,0,0,1,0,0,0,0,0,0,0,0.695104,0.282743,0.448216,0,0.708211
265,3,0.144578,0.619048,0.035088,0.2,0,3,2,2,0,0,1,1,0,0,1,0,0,0,0,0,0,0,0,0,0,0,0,0,0,0,1,0,0,0,0,0,0,0,0.935925,0.093904,0.520006,0,0.953079
266,2,0.674699,0.761905,0.552632,0.65,2,3,1,1,0,1,1,0,0,0,1,0,0,0,0,0,0,1,0,0,0,0,0,0,0,0,0,0,0,0,0,0,0,0,0.37041,0.400741,0.543406,2,0.366569
267,2,0.481928,0.571429,0.140351,0.9,2,3,2,1,0,1,1,0,0,0,0,0,1,0,0,0,0,1,0,0,0,0,0,0,0,0,0,0,0,0,0,0,0,0,0.351152,0.120984,0.951177,1,0.366569
268,2,0.518072,0.666667,0.491228,0.45,2,3,1,1,0,1,1,0,0,0,0,0,1,0,0,0,0,1,0,0,0,0,0,0,0,0,0,0,0,0,0,0,0,0,0.398308,0.442442,0.462516,1,0.402493
269,2,0.409639,0.428571,0.596491,0.25,1,1,2,0,0,1,1,0,0,0,0,0,1,0,0,0,0,1,0,0,0,0,0,0,0,0,0,0,0,0,0,0,0,0,0.293197,0.622632,0.294092,1,0.314516
270,2,0.578313,0.619048,0.561404,0.5,1,2,0,0,0,1,1,0,0,0,0,0,1,0,0,0,0,1,0,0,0,0,0,0,0,0,0,0,0,0,0,0,0,0,0.341613,0.466433,0.474505,1,0.340176
271,0,0.277108,0.428571,0.385965,0.2,0,3,1,0,1,1,0,0,0,0,0,0,1,0,1,0,0,0,0,0,0,0,0,0,0,0,0,0,0,0,0,0,0,0,0.395068,0.547982,0.317059,1,0.425953
272,0,0.240964,0.142857,0.438596,0.15,0,0,1,0,1,1,0,0,0,0,0,0,1,0,0,0,0,1,0,0,0,0,0,0,0,0,0,0,0,0,0,0,0,0,0.151008,0.719213,0.272714,0,0.156891
273,0,0.313253,0.380952,0.385965,0.3,0,3,1,0,1,0,0,0,0,0,0,0,1,0,0,0,0,1,0,0,0,0,0,0,0,0,0,0,0,0,0,0,0,0,0.323614,0.502574,0.438249,1,0.345308
274,2,0.759036,0.619048,0.77193,0.65,1,4,2,1,0,1,1,0,0,0,1,0,0,0,0,0,0,1,0,0,0,0,0,0,0,0,0,0,0,0,0,0,0,0,0.268179,0.501442,0.484183,2,0.268328
275,2,0.722892,0.666667,0.719298,0.55,1,3,1,1,0,1,1,0,0,0,1,0,0,0,0,0,0,1,0,0,0,0,0,0,0,0,0,0,0,0,0,0,0,0,0.312095,0.505869,0.442727,2,0.302053
276,2,0.650602,0.571429,0.701754,0.5,1,2,1,1,0,1,1,0,0,0,0,0,1,0,0,0,0,1,0,0,0,0,0,0,0,0,0,0,0,0,0,0,0,0,0.285997,0.529448,0.430449,2,0.283724
277,2,0.843373,0.857143,0.824561,0.6,2,3,1,2,0,1,1,0,1,0,0,0,0,0,0,0,0,0,0,0,0,1,0,0,0,0,0,0,0,0,0,0,0,0,0.348272,0.50175,0.419327,2,0.33871
278,2,0.722892,0.857143,0.666667,0.55,2,3,1,2,0,1,1,0,1,0,0,0,0,0,0,0,0,0,0,0,0,1,0,0,0,0,0,0,0,0,0,0,0,0,0.396328,0.461594,0.437383,2,0.38783
279,2,0.674699,0.666667,0.719298,0.55,1,3,1,1,0,1,1,0,1,0,0,0,0,0,0,0,0,1,0,0,0,0,0,0,0,0,0,0,0,0,0,0,0,0,0.312095,0.505869,0.442727,2,0.321114
280,2,0.650602,0.380952,0.929825,0.4,1,4,1,0,1,1,1,0,1,0,0,0,0,0,0,0,0,0,0,0,0,0,0,0,0,0,0,0,0,0,0,1,0,0,0.179986,0.665362,0.325004,2,0.18915
281,2,0.698795,0.571429,0.701754,0.6,1,2,1,1,0,1,1,0,0,0,0,0,1,0,0,0,0,0,0,0,0,0,0,0,0,0,1,0,0,0,0,0,0,0,0.269978,0.498044,0.487505,2,0.266862
282,0,0.493976,0.47619,0.666667,0.3,1,3,1,0,1,1,1,0,1,0,0,0,0,0,0,0,0,1,0,0,0,0,0,0,0,0,0,0,0,0,0,0,0,0,0.287977,0.61285,0.312003,1,0.29912
283,0,0.53012,0.52381,0.614035,0.4,1,2,1,0,1,1,0,0,1,0,0,0,0,0,0,0,0,1,0,0,0,0,0,0,0,0,0,0,0,0,0,0,0,0,0.304536,0.540568,0.399971,1,0.310117
284,2,0.518072,0.47619,0.666667,0.35,1,3,1,0,0,1,1,0,1,0,0,0,0,0,0,0,0,1,0,0,0,0,0,0,0,0,0,0,0,0,0,0,0,0,0.277898,0.590507,0.351293,1,0.28739
285,0,0.578313,0.47619,0.631579,0.55,1,2,1,0,1,1,0,1,0,0,0,0,1,0,0,0,0,1,0,0,0,0,0,0,0,0,0,0,0,0,0,0,0,0,0.2509,0.501339,0.498194,1,0.26173
286,0,0.578313,0.571429,0.649123,0.5,1,2,1,0,1,1,0,0,0,0,0,0,1,0,0,0,0,1,0,0,0,0,0,0,0,0,0,0,0,0,0,0,0,0,0.297876,0.509988,0.448216,1,0.314516
287,1,0.192771,0.095238,0.350877,0.2,1,1,1,0,1,0,0,1,0,0,0,0,1,0,0,0,0,0,0,0,0,0,0,0,0,0,0,0,0,0,1,0,0,0,0.112491,0.646005,0.406182,0,0.122434
288,0,0.554217,0.380952,0.631579,0.55,1,2,0,0,1,1,1,0,1,0,0,0,0,0,0,0,0,1,0,0,0,0,0,0,0,0,0,0,0,0,0,0,0,0,0.206443,0.516577,0.512495,1,0.217009
289,2,0.493976,0.666667,0.54386,0.35,2,3,1,1,0,1,1,0,1,0,0,0,0,0,0,0,0,1,0,0,0,0,0,0,0,0,0,0,0,0,0,0,0,0,0.408027,0.503913,0.368482,1,0.418622
290,2,0.409639,0.285714,0.614035,0.3,0,1,1,0,0,1,1,0,1,0,0,0,0,0,0,0,0,1,0,0,0,0,0,0,0,0,0,0,0,0,0,0,0,0,0.194564,0.63818,0.351293,1,0.209677
291,0,0.578313,0.428571,0.631579,0.55,1,2,0,0,1,1,1,0,1,0,0,0,0,0,0,0,0,1,0,0,0,0,0,0,0,0,0,0,0,0,0,0,0,0,0.228942,0.508855,0.505272,1,0.235337
292,0,0.481928,0.619048,0.438596,0.45,1,3,0,1,1,1,1,0,1,0,0,0,0,0,0,0,0,1,0,0,0,0,0,0,0,0,0,0,0,0,0,0,0,0,0.394888,0.422158,0.493717,1,0.397361
293,0,0.445783,0.428571,0.614035,0.3,1,3,1,0,1,1,1,0,1,0,0,0,0,0,0,0,0,1,0,0,0,0,0,0,0,0,0,0,0,0,0,0,0,0,0.276818,0.603995,0.333381,1,0.293255
294,0,0.361446,0.190476,0.403509,0.45,0,2,0,1,1,1,0,0,1,0,0,0,0,0,1,0,0,0,0,0,0,0,0,0,0,0,0,0,0,0,0,0,0,0,0.149208,0.482496,0.60624,1,0.154692
295,0,0.192771,0.095238,0.333333,0.2,0,0,0,0,1,0,0,1,1,0,0,0,0,0,0,0,0,0,0,0,0,0,0,0,0,0,0,0,0,0,1,0,0,0,0.116091,0.634679,0.419327,0,0.122434
296,0,0.445783,0.428571,0.473684,0.4,1,2,0,0,1,0,1,0,1,0,0,0,0,0,1,0,0,0,0,0,0,0,0,0,0,0,0,0,0,0,0,0,0,0,0.294456,0.494543,0.472772,1,0.293255
297,0,0.337349,0.238095,0.508772,0.25,1,0,0,0,1,0,0,1,1,0,0,0,0,0,0,0,0,0,0,0,0,0,0,0,0,0,0,0,0,0,1,0,0,0,0.194564,0.63818,0.351293,1,0.203812
298,0,0.313253,0.238095,0.491228,0.2,1,0,0,0,1,0,0,1,1,0,0,0,0,0,0,0,0,0,0,0,0,0,0,0,0,0,0,0,0,0,1,0,0,0,0.209323,0.664745,0.302326,1,0.215543
299,1,0.493976,0.47619,0.508772,0.5,1,2,0,0,1,1,1,1,1,0,0,0,0,0,0,0,0,0,0,0,0,1,0,0,0,0,0,0,0,0,0,0,0,0,0.287977,0.46458,0.520006,1,0.29912
300,3,0.686747,0.761905,0.666667,0.55,2,3,1,1,0,1,1,0,1,0,0,0,0,0,0,0,0,1,0,0,0,0,0,0,0,0,0,0,0,0,0,0,0,0,0.361051,0.473847,0.448216,2,0.360704
301,3,0.650602,0.761905,0.649123,0.45,2,3,1,1,0,1,1,0,1,0,0,0,0,0,0,0,0,1,0,0,0,0,0,0,0,0,0,0,0,0,0,0,0,0,0.387869,0.497323,0.393904,2,0.378299
302,3,0.554217,0.52381,0.631579,0.4,1,2,1,0,0,1,1,0,1,0,0,0,0,0,0,0,0,1,0,0,0,0,0,0,0,0,0,0,0,0,0,0,0,0,0.300036,0.54757,0.393904,1,0.298387
303,0,0.240964,0.190476,0.438596,0.15,0,1,1,0,1,0,1,0,1,0,0,0,0,0,1,0,0,0,0,0,0,0,0,0,0,0,0,0,0,0,0,0,0,0,0.195824,0.698826,0.265347,0,0.209677
304,0,0.216867,0.190476,0.403509,0.15,0,0,1,0,1,0,1,0,0,1,0,0,0,0,1,0,0,0,0,0,0,0,0,0,0,0,0,0,0,0,0,0,0,0,0.207163,0.681425,0.280514,0,0.225806
305,0,0.26506,0.190476,0.45614,0.15,0,0,0,0,1,0,1,0,1,0,0,0,0,0,0,0,1,0,0,0,0,0,0,0,0,0,0,0,0,0,0,0,0,0,0.190785,0.706755,0.25827,0,0.195748
306,0,0.277108,0.142857,0.491228,0.15,0,1,1,0,1,0,1,0,1,0,0,0,0,0,1,0,0,0,0,0,0,0,0,0,0,0,0,0,0,0,0,0,0,0,0.139309,0.740939,0.251625,1,0.142229
307,1,0.144578,0.333333,0.052632,0.35,0,3,0,0,1,0,1,1,1,0,0,0,0,0,0,0,0,1,0,0,0,0,0,0,0,0,0,0,0,0,0,0,0,0,0.471022,0.124279,0.850498,0,0.513196
308,1,0.204819,0.666667,0.070175,0.3,0,3,1,1,0,0,1,1,1,0,0,0,0,0,0,0,0,0,0,0,0,0,0,0,0,0,1,0,0,0,0,0,0,0,0.775378,0.128707,0.600029,0,0.821114
309,1,0.168675,0.571429,0.070175,0.25,0,3,2,2,0,0,1,1,1,0,0,0,0,0,0,0,0,0,0,0,0,0,0,0,0,0,1,0,0,0,0,0,0,0,0.764579,0.152595,0.575184,0,0.799853
310,1,0.26506,0.666667,0.052632,0.45,0,3,2,2,0,0,1,1,0,0,0,0,1,0,0,0,0,0,0,0,0,0,0,0,0,0,1,0,0,0,0,0,0,0,0.658747,0.078048,0.764697,0,0.684018
311,1,0.253012,0.761905,0.052632,0.4,0,3,1,2,0,0,1,1,1,0,0,0,0,0,0,0,0,0,0,0,0,0,0,0,0,0,1,0,0,0,0,0,0,0,0.757919,0.078769,0.684241,0,0.808651
312,1,0.361446,0.714286,0.122807,0.55,1,3,1,2,0,1,1,1,1,0,0,0,0,0,0,0,0,1,0,0,0,0,0,0,0,0,0,0,0,0,0,0,0,0,0.565335,0.142813,0.748664,1,0.578446
313,1,0.313253,0.809524,0.035088,0.45,0,3,2,2,0,1,1,1,1,0,0,0,0,0,0,0,0,0,0,0,0,0,0,1,0,0,0,0,0,0,0,0,0,0,0.760259,0.047055,0.726708,1,0.733138
314,1,0.277108,0.809524,0.052632,0.4,0,3,1,2,0,0,1,1,1,0,0,0,0,0,0,0,0,0,0,0,0,0,0,0,0,0,1,0,0,0,0,0,0,0,0.784557,0.075988,0.666619,1,0.804252
315,1,0.39759,0.761905,0.263158,0.35,1,3,2,1,0,0,0,1,0,1,0,0,0,0,0,0,0,0,0,0,0,0,0,0,0,0,0,0,0,1,0,0,0,0,0.603132,0.315383,0.476383,1,0.571848
316,1,0.216867,0.095238,0.368421,0.2,1,5,1,0,0,0,0,1,1,0,0,0,0,0,0,0,0,0,0,0,0,0,0,0,0,0,0,0,0,0,0,0,1,0,0.109071,0.656816,0.393904,0,0.112903
317,1,0.277108,0.285714,0.263158,0.35,1,2,2,0,1,0,0,1,0,1,0,0,0,0,0,0,0,0,0,0,0,0,1,0,0,0,0,0,0,0,0,0,0,0,0.285997,0.406713,0.602629,1,0.283724
318,0,0.216867,0.142857,0.421053,0.15,0,0,0,0,1,0,1,0,1,0,0,0,0,0,0,0,0,0,0,0,0,0,0,0,0,0,0,0,0,0,1,0,0,0,0.155328,0.711079,0.280514,0,0.169355
319,0,0.144578,0.333333,0.0,0.35,0,3,0,0,1,0,1,0,1,0,0,0,0,0,0,0,0,1,0,0,0,0,0,0,0,0,0,0,0,0,0,0,0,0,0.530418,0.013694,0.957966,0,0.513196
320,0,0.192771,0.380952,0.035088,0.4,0,3,0,0,1,1,1,0,1,0,0,0,0,0,0,0,0,1,0,0,0,0,0,0,0,0,0,0,0,0,0,0,0,0,0.49658,0.076812,0.896577,0,0.489003
321,0,0.361446,0.380952,0.385965,0.4,1,2,1,0,1,1,0,0,1,0,0,0,0,0,0,0,0,1,0,0,0,0,0,0,0,0,0,0,0,0,0,0,0,0,0.293916,0.453666,0.53055,1,0.308651
322,2,0.53012,0.47619,0.631579,0.4,1,3,1,0,1,1,1,0,1,0,0,0,0,0,0,0,0,1,0,0,0,0,0,0,0,0,0,0,0,0,0,0,0,0,0.276818,0.556425,0.399971,1,0.282258
323,2,0.698795,0.666667,0.719298,0.6,1,3,1,1,0,1,1,0,0,0,1,0,0,0,0,0,1,0,0,0,0,0,0,0,0,0,0,0,0,0,0,0,0,0,0.303636,0.491351,0.469883,2,0.31085
324,2,0.674699,0.714286,0.719298,0.55,2,3,1,2,0,1,1,0,0,0,1,0,0,0,0,0,1,0,0,0,0,0,0,0,0,0,0,0,0,0,0,0,0,0,0.330274,0.499382,0.437383,2,0.343842
325,2,0.722892,0.761905,0.684211,0.6,2,3,1,1,0,1,1,0,1,0,0,0,0,0,0,0,0,1,0,0,0,0,0,0,0,0,0,0,0,0,0,0,0,0,0.347012,0.466536,0.469883,2,0.345308
326,2,0.60241,0.714286,0.684211,0.35,2,3,1,1,0,1,1,0,1,0,0,0,0,0,0,0,0,1,0,0,0,0,0,0,0,0,0,0,0,0,0,0,0,0,0.381569,0.552512,0.321537,1,0.379032
327,2,0.650602,0.714286,0.684211,0.45,2,3,1,1,1,1,1,0,1,0,0,0,0,0,0,0,0,1,0,0,0,0,0,0,0,0,0,0,0,0,0,0,0,0,0.358711,0.51771,0.388704,2,0.354839
328,2,0.626506,0.714286,0.666667,0.45,2,3,1,1,0,1,1,0,1,0,0,0,0,0,0,0,0,0,0,0,0,1,0,0,0,0,0,0,0,0,0,0,0,0,0.363571,0.511223,0.393904,1,0.366569
329,2,0.722892,0.333333,0.964912,0.45,1,4,1,1,0,1,1,0,1,0,0,0,0,0,0,0,0,0,0,0,0,0,0,0,0,0,0,0,0,0,0,1,0,0,0.151368,0.662994,0.351293,2,0.151026
330,2,0.662651,0.761905,0.614035,0.55,2,3,1,1,0,1,1,0,1,0,0,0,0,0,0,0,0,1,0,0,0,0,0,0,0,0,0,0,0,0,0,0,0,0,0.37527,0.453357,0.465839,2,0.372434
331,2,0.698795,0.809524,0.614035,0.6,2,3,1,1,0,1,1,0,1,0,0,0,0,0,0,0,0,1,0,0,0,0,0,0,0,0,0,0,0,0,0,0,0,0,0.382469,0.43369,0.487505,2,0.377566
332,2,0.481928,0.333333,0.701754,0.3,0,1,1,0,0,1,1,0,1,0,0,0,0,0,0,0,0,1,0,0,0,0,0,0,0,0,0,0,0,0,0,0,0,0,0.204824,0.656816,0.317059,1,0.214076
333,2,0.566265,0.619048,0.54386,0.45,2,3,0,1,0,1,1,0,0,0,1,0,0,0,0,0,0,1,0,0,0,0,0,0,0,0,0,0,0,0,0,0,0,0,0.358531,0.475288,0.448216,1,0.346774
334,2,0.783133,0.809524,0.578947,0.8,2,3,1,1,0,1,1,0,1,0,0,0,0,0,0,0,0,1,0,0,0,0,0,0,0,0,0,0,0,0,0,0,0,0,0.351692,0.372735,0.597718,2,0.341642
335,2,0.819277,0.809524,0.666667,0.65,2,3,2,1,0,1,1,0,0,0,0,1,0,0,0,0,0,0,0,0,0,0,0,0,0,0,1,0,0,0,0,0,0,0,0.358891,0.441413,0.495594,2,0.327713
336,2,0.53012,0.666667,0.491228,0.4,1,3,1,1,0,1,1,0,0,0,0,0,1,0,0,0,0,0,0,0,0,0,0,0,0,0,1,0,0,0,0,0,0,0,0.413067,0.459843,0.42626,1,0.394428
337,2,0.60241,0.666667,0.561404,0.5,1,3,2,1,0,1,1,0,0,0,0,1,0,0,0,0,0,0,0,0,0,0,0,0,0,0,1,0,0,0,0,0,0,0,0.362491,0.459226,0.467572,1,0.354106
338,2,0.578313,0.666667,0.578947,0.45,1,3,0,1,0,1,1,0,1,0,0,0,0,0,0,0,0,0,0,0,0,0,0,0,0,0,1,0,0,0,0,0,0,0,0.36915,0.48332,0.428571,1,0.366569
339,2,0.578313,0.714286,0.526316,0.55,0,3,1,1,0,1,1,0,0,0,1,0,0,0,0,0,0,1,0,0,0,0,0,0,0,0,0,0,0,0,0,0,0,0,0.381569,0.42154,0.505272,1,0.392962
340,2,0.771084,0.857143,0.54386,0.8,2,3,1,1,0,1,1,0,1,0,0,0,0,0,0,0,0,1,0,0,0,0,0,0,0,0,0,0,0,0,0,0,0,0,0.37671,0.35348,0.604651,2,0.366569
341,2,0.421687,0.52381,0.491228,0.35,0,2,1,0,0,1,1,0,0,0,0,0,1,0,0,0,0,1,0,0,0,0,0,0,0,0,0,0,0,0,0,0,0,0,0.355112,0.505972,0.40806,1,0.375367
342,2,0.638554,0.666667,0.54386,0.65,1,2,1,0,0,1,1,0,1,0,0,0,0,0,0,0,0,1,0,0,0,0,0,0,0,0,0,0,0,0,0,0,0,0,0.334773,0.408155,0.561462,2,0.33651
343,0,0.289157,0.333333,0.350877,0.3,0,3,1,0,1,0,0,0,1,0,0,0,0,0,0,0,0,0,0,0,0,0,1,0,0,0,0,0,0,0,0,0,0,0,0.303636,0.491351,0.469883,1,0.321114
344,0,0.301205,0.428571,0.403509,0.25,0,3,2,0,1,0,1,0,1,0,0,0,0,0,1,0,0,0,0,0,0,0,0,0,0,0,0,0,0,0,0,0,0,0,0.366091,0.52883,0.367182,1,0.39956
345,0,0.361446,0.47619,0.403509,0.35,0,3,1,0,1,0,0,0,0,0,0,0,1,0,0,0,0,1,0,0,0,0,0,0,0,0,0,0,0,0,0,0,0,0,0.361771,0.467051,0.457316,1,0.38563
346,0,0.277108,0.190476,0.491228,0.15,0,0,0,0,1,0,1,0,1,0,0,0,0,0,0,0,0,0,0,0,0,0,0,0,0,0,0,0,0,0,1,0,0,0,0.181066,0.721582,0.245269,1,0.18915
347,0,0.409639,0.47619,0.473684,0.35,2,3,0,0,1,0,0,0,1,0,0,0,0,0,0,1,0,0,0,0,0,0,0,0,0,0,0,0,0,0,0,0,0,0,0.334773,0.506693,0.423227,1,0.348974
348,0,0.313253,0.190476,0.526316,0.2,0,0,0,1,1,0,0,0,1,0,0,0,0,0,0,0,0,0,0,0,0,0,0,0,0,0,0,0,0,0,1,0,0,0,0.163607,0.695737,0.295392,1,0.172287
349,0,0.385542,0.285714,0.421053,0.45,1,2,0,0,1,1,0,1,1,0,0,0,0,0,0,0,0,0,0,0,0,0,0,0,0,0,0,0,0,0,0,1,0,0,0.210763,0.472611,0.570706,1,0.219941
350,0,0.277108,0.142857,0.491228,0.2,1,0,0,0,1,0,0,1,1,0,0,0,0,0,0,0,0,0,0,0,0,0,0,0,0,0,0,0,0,0,1,0,0,0,0.131749,0.69862,0.317059,1,0.142229
351,0,0.337349,0.380952,0.421053,0.3,0,3,1,0,1,0,0,0,1,0,0,0,0,0,0,0,0,0,0,0,0,0,1,0,0,0,0,0,0,0,0,0,0,0,0.309575,0.523888,0.419327,1,0.325513
352,3,0.409639,0.380952,0.631579,0.25,0,2,1,1,0,1,1,0,1,0,0,0,0,0,0,0,0,0,0,0,0,0,0,0,0,0,1,0,0,0,0,0,0,0,0.25594,0.647652,0.288892,1,0.279326
353,3,0.337349,0.333333,0.561404,0.2,0,2,1,1,0,0,1,0,1,0,0,0,0,0,0,0,0,0,0,0,0,0,0,0,0,0,1,0,0,0,0,0,0,0,0.257199,0.663818,0.265347,1,0.285191
354,2,0.710843,0.619048,0.596491,0.7,1,4,2,1,0,1,1,0,0,0,0,1,0,0,0,0,0,1,0,0,0,0,0,0,0,0,0,0,0,0,0,0,0,0,0.294276,0.423703,0.572295,2,0.284457
355,2,0.951807,0.857143,0.666667,0.95,2,4,2,2,0,1,1,0,1,0,0,0,0,0,0,0,0,1,0,0,0,0,0,0,0,0,0,0,0,0,0,0,0,0,0.324874,0.372941,0.619096,2,0.303519
356,3,0.554217,0.619048,0.684211,0.35,0,3,1,1,0,1,1,0,1,0,0,0,0,0,0,0,0,0,0,0,0,0,0,0,0,0,1,0,0,0,0,0,0,0,0.340353,0.569399,0.330926,1,0.352639
357,2,0.578313,0.619048,0.54386,0.5,1,2,0,0,0,1,1,0,1,0,0,0,0,0,0,0,0,1,0,0,0,0,0,0,0,0,0,0,0,0,0,0,0,0,0.346652,0.458505,0.481439,1,0.340176
358,1,0.240964,0.142857,0.333333,0.3,1,5,1,0,1,0,0,1,1,0,0,0,0,0,0,0,0,0,0,0,0,0,0,0,0,0,0,0,0,0,1,0,0,0,0.147948,0.534493,0.534306,0,0.156891
359,1,0.072289,0.02381,0.192982,0.15,1,5,2,0,0,0,0,1,1,0,0,0,0,0,0,0,0,0,0,0,0,0,0,0,0,0,0,0,0,0,1,0,0,0,0.046796,0.612232,0.506428,0,0.052053
360,1,0.060241,0.095238,0.210526,0.05,0,0,1,0,0,0,0,1,1,0,0,0,0,0,0,0,0,1,0,0,0,0,0,0,0,0,0,0,0,0,0,0,0,0,0.208603,0.746293,0.188358,0,0.225806
361,1,0.240964,0.142857,0.263158,0.35,1,2,1,0,0,0,0,1,0,0,0,1,0,0,0,0,0,0,1,0,0,0,0,0,0,0,0,0,0,0,0,0,0,0,0.155328,0.444399,0.654629,0,0.156891
362,1,0.096386,0.190476,0.052632,0.3,0,3,1,0,0,0,0,1,1,0,0,0,0,0,0,0,0,1,0,0,0,0,0,0,0,0,0,0,0,0,0,0,0,0,0.334773,0.161862,0.906977,0,0.366569
363,1,0.168675,0.666667,0.035088,0.25,0,3,1,1,0,1,1,1,1,0,0,0,0,0,0,0,0,1,0,0,0,0,0,0,0,0,0,0,0,0,0,0,0,0,0.892009,0.079695,0.575184,0,0.933284
364,1,0.144578,0.571429,0.035088,0.25,0,3,0,2,0,1,1,1,1,0,0,0,0,0,0,0,0,0,0,0,0,1,0,0,0,0,0,0,0,0,0,0,0,0,0.822714,0.088035,0.619096,0,0.879765
365,1,0.192771,0.666667,0.052632,0.3,0,3,1,1,0,1,1,1,1,0,0,0,0,0,0,0,0,0,0,0,0,0,0,0,0,0,1,0,0,0,0,0,0,0,0.799856,0.101112,0.619096,0,0.855572
366,1,0.457831,0.714286,0.333333,0.45,1,3,1,1,0,1,1,1,0,1,0,0,0,0,0,0,0,0,0,0,0,0,0,0,0,0,0,0,1,0,0,0,0,0,0.488661,0.343081,0.529395,1,0.478006
367,1,0.361446,0.52381,0.350877,0.4,1,2,1,1,0,0,0,1,1,0,0,0,0,0,0,0,0,0,0,0,0,1,0,0,0,0,0,0,0,0,0,0,0,0,0.395968,0.402801,0.520006,1,0.424487
368,1,0.289157,0.238095,0.298246,0.4,1,2,1,1,0,1,0,1,1,0,0,0,0,0,0,0,0,1,0,0,0,0,0,0,0,0,0,0,0,0,0,0,0,0,0.219582,0.422364,0.634118,1,0.228739
369,1,0.26506,0.190476,0.280702,0.4,1,2,1,1,1,0,0,1,1,0,0,0,0,0,0,0,0,0,0,0,0,1,0,0,0,0,0,0,0,0,0,0,0,0,0.184665,0.419172,0.666619,0,0.195748
370,1,0.277108,0.714286,0.070175,0.45,0,3,1,2,0,0,1,1,1,0,0,0,0,0,0,0,0,0,0,0,0,0,0,0,0,0,1,0,0,0,0,0,0,0,0.670806,0.098229,0.726708,1,0.709677
